-- phpMyAdmin SQL Dump
-- version 4.1.12
-- http://www.phpmyadmin.net
--
-- 主機: 127.0.0.1
-- 產生時間： 2019-06-10 10:35:48
-- 伺服器版本: 5.6.16
-- PHP 版本： 5.5.11

SET SQL_MODE = "NO_AUTO_VALUE_ON_ZERO";
SET time_zone = "+00:00";


/*!40101 SET @OLD_CHARACTER_SET_CLIENT=@@CHARACTER_SET_CLIENT */;
/*!40101 SET @OLD_CHARACTER_SET_RESULTS=@@CHARACTER_SET_RESULTS */;
/*!40101 SET @OLD_COLLATION_CONNECTION=@@COLLATION_CONNECTION */;
/*!40101 SET NAMES utf8 */;

--
-- 資料庫： `sale`
--

-- --------------------------------------------------------

--
-- 資料表結構 `ingd`
--

CREATE TABLE IF NOT EXISTS `ingd` (
  `indate` varchar(7) COLLATE utf8_unicode_ci DEFAULT NULL,
  `gdno` varchar(4) COLLATE utf8_unicode_ci DEFAULT NULL,
  `inqty` int(4) DEFAULT NULL
) ENGINE=InnoDB DEFAULT CHARSET=utf8 COLLATE=utf8_unicode_ci;

--
-- 資料表的匯出資料 `ingd`
--

INSERT INTO `ingd` (`indate`, `gdno`, `inqty`) VALUES
('870110', '0050', 5),
('870105', '0120', 5),
('860503', '0160', 10),
('870602', '0170', 5),
('860412', '0180', 5),
('870412', '0250', 5),
('860415', '0330', 5),
('860325', '0340', 15),
('860725', '0350', 15),
('860230', '0420', 15),
('860211', '0430', 15),
('860201', '0480', 25),
('870102', '0490', 25),
('870110', '0500', 20),
('870321', '0510', 10),
('870421', '0520', 10),
('870523', '0700', 5),
('870214', '0710', 14),
('870112', '0850', 13),
('870107', '0860', 13),
('870910', '0870', 13),
('870911', '0970', 8),
('870812', '0980', 8),
('870812', '1070', 18),
('870803', '1080', 18),
('870803', '1160', 8),
('860723', '1170', 8),
('860724', '1180', 12),
('860924', '1230', 15),
('860925', '1290', 12),
('870521', '1300', 40),
('870925', '1370', 40),
('870521', '1380', 40),
('870518', '1470', 15),
('870617', '1480', 15),
('870607', '1590', 12),
('870608', '1600', 15),
('870609', '1610', 15),
('870204', '1620', 30),
('870202', '1700', 20),
('870331', '1760', 25),
('870331', '1770', 35),
('870325', '1880', 40),
('870328', '1890', 40),
('870219', '1930', 40);

-- --------------------------------------------------------

--
-- 資料表結構 `salegd`
--

CREATE TABLE IF NOT EXISTS `salegd` (
  `saledate` varchar(7) COLLATE utf8_unicode_ci DEFAULT NULL,
  `gdno` varchar(4) COLLATE utf8_unicode_ci DEFAULT NULL,
  `saleqty` int(4) DEFAULT NULL,
  `saleprice` decimal(5,1) DEFAULT NULL,
  `inprice` decimal(5,1) DEFAULT NULL
) ENGINE=InnoDB DEFAULT CHARSET=utf8 COLLATE=utf8_unicode_ci;

--
-- 資料表的匯出資料 `salegd`
--

INSERT INTO `salegd` (`saledate`, `gdno`, `saleqty`, `saleprice`, `inprice`) VALUES
('0970919', '0470', 23, '108.0', '100.0'),
('0990923', '0900', 22, '79.0', '71.0'),
('0950201', '1730', 9, '139.0', '135.0'),
('0980602', '0390', 10, '190.0', '183.0'),
('0980901', '0240', 18, '37.0', '30.0'),
('0990514', '0780', 3, '32.0', '29.0'),
('0990213', '0580', 10, '115.0', '110.0'),
('0980509', '0050', 11, '185.0', '180.0'),
('0900916', '1410', 5, '23.0', '23.0'),
('0910406', '0460', 18, '115.0', '110.0'),
('0971227', '0840', 15, '58.0', '52.0'),
('1001218', '1100', 30, '206.0', '204.0'),
('0991223', '1410', 10, '114.0', '107.0'),
('0990414', '1660', 29, '153.0', '152.0'),
('0921204', '1140', 5, '47.0', '39.0'),
('1000701', '1590', 2, '37.0', '34.0'),
('0961027', '0280', 7, '61.0', '53.0'),
('0930708', '0650', 24, '55.0', '49.0'),
('0920807', '0140', 20, '22.0', '15.0'),
('0910106', '1910', 17, '118.0', '115.0'),
('0940612', '1310', 1, '184.0', '184.0'),
('0970930', '0610', 7, '201.0', '198.0'),
('0970823', '0500', 3, '16.0', '16.0'),
('0990418', '1680', 1, '139.0', '138.0'),
('0960607', '0310', 14, '72.0', '66.0'),
('1000401', '1750', 7, '100.0', '95.0'),
('1010910', '0380', 18, '157.0', '157.0'),
('1010311', '0990', 30, '160.0', '154.0'),
('0900228', '1570', 1, '25.0', '20.0'),
('0910726', '1580', 25, '179.0', '177.0'),
('0940803', '0930', 2, '49.0', '43.0'),
('0940606', '0520', 16, '135.0', '135.0'),
('0901110', '0840', 23, '186.0', '185.0'),
('0940219', '0860', 4, '208.0', '208.0'),
('0900717', '1410', 7, '188.0', '183.0'),
('0990626', '1500', 12, '113.0', '106.0'),
('0920525', '1780', 12, '141.0', '133.0'),
('0940802', '0470', 2, '120.0', '119.0'),
('1000214', '1490', 26, '12.0', '8.0'),
('0960328', '0740', 16, '153.0', '150.0'),
('0960612', '1380', 8, '101.0', '101.0'),
('0981229', '0780', 21, '127.0', '123.0'),
('1011009', '0880', 23, '100.0', '95.0'),
('0960705', '0860', 14, '32.0', '32.0'),
('1000414', '1310', 13, '104.0', '100.0'),
('0981027', '1850', 19, '122.0', '114.0'),
('0921113', '0660', 10, '45.0', '37.0'),
('0971208', '0600', 15, '13.0', '10.0'),
('0970323', '1600', 13, '98.0', '98.0'),
('0970725', '0270', 27, '65.0', '63.0'),
('0960109', '1110', 10, '98.0', '96.0'),
('0980121', '0340', 4, '200.0', '192.0'),
('0920909', '1900', 12, '24.0', '23.0'),
('0931028', '1680', 25, '66.0', '59.0'),
('0991211', '0270', 24, '98.0', '95.0'),
('0991202', '1780', 5, '98.0', '98.0'),
('0920712', '0280', 16, '47.0', '40.0'),
('0970312', '1790', 4, '91.0', '85.0'),
('0970630', '1250', 2, '60.0', '58.0'),
('0950623', '0240', 18, '56.0', '53.0'),
('1000305', '0260', 9, '189.0', '188.0'),
('0941028', '0030', 18, '77.0', '77.0'),
('0910726', '1330', 13, '149.0', '143.0'),
('0950915', '0510', 5, '95.0', '88.0'),
('0940715', '1320', 25, '193.0', '189.0'),
('0910318', '0250', 7, '198.0', '196.0'),
('0971130', '0110', 28, '120.0', '113.0'),
('0910814', '1500', 20, '33.0', '30.0'),
('0901215', '0700', 24, '23.0', '16.0'),
('1000714', '1440', 14, '25.0', '23.0'),
('0980714', '1830', 8, '81.0', '74.0'),
('0970206', '1490', 23, '51.0', '50.0'),
('0900204', '0280', 16, '185.0', '185.0'),
('0950804', '0670', 25, '204.0', '197.0'),
('0950730', '1130', 5, '179.0', '171.0'),
('0900725', '0170', 5, '149.0', '146.0'),
('0980702', '1580', 17, '163.0', '162.0'),
('0930106', '1060', 14, '60.0', '55.0'),
('0981121', '1820', 12, '202.0', '200.0'),
('0900201', '0880', 10, '64.0', '62.0'),
('0980317', '1810', 6, '44.0', '43.0'),
('0960107', '0340', 16, '101.0', '98.0'),
('0960616', '0710', 25, '77.0', '77.0'),
('0911014', '0290', 5, '109.0', '107.0'),
('0931026', '1340', 8, '84.0', '76.0'),
('0940929', '1600', 4, '38.0', '32.0'),
('0950423', '0940', 15, '113.0', '112.0'),
('0990416', '1000', 27, '59.0', '59.0'),
('0970826', '1420', 25, '189.0', '184.0'),
('0990817', '1410', 23, '27.0', '19.0'),
('0990418', '0240', 14, '180.0', '179.0'),
('1010319', '1000', 15, '131.0', '131.0'),
('0980220', '1490', 9, '35.0', '32.0'),
('0930411', '1490', 1, '149.0', '149.0'),
('0940618', '0040', 18, '45.0', '45.0'),
('0990311', '0960', 20, '189.0', '182.0'),
('0990804', '1000', 22, '117.0', '115.0'),
('0920601', '1310', 3, '96.0', '94.0'),
('0970301', '0950', 25, '112.0', '106.0'),
('1010713', '0780', 2, '57.0', '53.0'),
('0900314', '0810', 16, '207.0', '203.0'),
('0920401', '1660', 6, '41.0', '36.0'),
('0911018', '0590', 29, '53.0', '50.0'),
('0900603', '1170', 7, '61.0', '59.0'),
('0971226', '1270', 11, '82.0', '81.0'),
('0990504', '0160', 26, '145.0', '142.0'),
('0961228', '0900', 29, '59.0', '55.0'),
('0990511', '1310', 16, '147.0', '142.0'),
('0980609', '1120', 19, '147.0', '140.0'),
('0941124', '1530', 13, '132.0', '131.0'),
('0971020', '1040', 28, '63.0', '63.0'),
('0991124', '1830', 16, '125.0', '119.0'),
('1000412', '0760', 25, '199.0', '198.0'),
('0920321', '0190', 29, '47.0', '43.0'),
('0930821', '1310', 30, '59.0', '56.0'),
('0990602', '0840', 12, '181.0', '177.0'),
('0981002', '0790', 21, '103.0', '103.0'),
('0950825', '0670', 12, '24.0', '19.0'),
('0950911', '0630', 8, '84.0', '77.0'),
('0940229', '1260', 11, '211.0', '206.0'),
('0950619', '1580', 13, '41.0', '41.0'),
('0921205', '0790', 28, '150.0', '148.0'),
('0960717', '0260', 9, '123.0', '117.0'),
('0960106', '0360', 8, '26.0', '20.0'),
('0931213', '0150', 6, '164.0', '156.0'),
('1010603', '1430', 1, '211.0', '204.0'),
('0950401', '0390', 14, '17.0', '14.0'),
('1000119', '1570', 22, '155.0', '154.0'),
('0930629', '0570', 10, '93.0', '89.0'),
('1001103', '1170', 11, '144.0', '142.0'),
('0951228', '0220', 14, '86.0', '82.0'),
('0951104', '1300', 7, '150.0', '142.0'),
('0910821', '0790', 10, '86.0', '82.0'),
('0991113', '0070', 13, '22.0', '14.0'),
('0990415', '0040', 27, '48.0', '43.0'),
('0930818', '1190', 1, '19.0', '12.0'),
('1000512', '0300', 3, '126.0', '121.0'),
('0940713', '0500', 29, '176.0', '176.0'),
('0930324', '0150', 19, '37.0', '33.0'),
('0961210', '1100', 26, '90.0', '83.0'),
('0990915', '0940', 24, '33.0', '32.0'),
('0910827', '0880', 16, '191.0', '185.0'),
('0931125', '1210', 12, '132.0', '125.0'),
('0940227', '0060', 17, '61.0', '53.0'),
('0930230', '1420', 24, '158.0', '153.0'),
('0990107', '0230', 21, '58.0', '58.0'),
('1000622', '1290', 21, '197.0', '189.0'),
('0900725', '1370', 7, '163.0', '161.0'),
('0910201', '0730', 20, '195.0', '192.0'),
('0930504', '1660', 30, '79.0', '71.0'),
('0950409', '1590', 7, '91.0', '86.0'),
('0930729', '0370', 2, '146.0', '139.0'),
('0910816', '0580', 7, '100.0', '98.0'),
('0990227', '1590', 9, '68.0', '68.0'),
('1000522', '0980', 20, '28.0', '23.0'),
('0971103', '1100', 24, '93.0', '86.0'),
('0940924', '0670', 18, '165.0', '165.0'),
('0921014', '1880', 8, '133.0', '133.0'),
('1010529', '0630', 28, '25.0', '21.0'),
('0971129', '0730', 15, '46.0', '41.0'),
('0930923', '1050', 27, '138.0', '134.0'),
('0970106', '0240', 12, '95.0', '93.0'),
('0940723', '1460', 7, '114.0', '114.0'),
('0950828', '0910', 9, '24.0', '19.0'),
('0980224', '0670', 26, '22.0', '21.0'),
('0950512', '1460', 3, '42.0', '35.0'),
('0970129', '1500', 7, '99.0', '99.0'),
('0951127', '1610', 6, '127.0', '122.0'),
('0940324', '1920', 27, '198.0', '196.0'),
('0950206', '1300', 18, '146.0', '146.0'),
('0951128', '0680', 23, '128.0', '128.0'),
('0920830', '1230', 29, '78.0', '78.0'),
('0920201', '1530', 8, '74.0', '72.0'),
('1011109', '1040', 14, '40.0', '40.0'),
('1001002', '1900', 8, '162.0', '159.0'),
('0971222', '1720', 10, '77.0', '77.0'),
('0950907', '1010', 3, '134.0', '131.0'),
('1010817', '0710', 27, '167.0', '159.0'),
('0910605', '0900', 17, '97.0', '96.0'),
('0910611', '0370', 27, '101.0', '100.0'),
('0921203', '1900', 20, '40.0', '32.0'),
('0970516', '0200', 11, '17.0', '11.0'),
('0960213', '0380', 21, '26.0', '25.0'),
('0981025', '0020', 2, '34.0', '28.0'),
('0921110', '0040', 21, '168.0', '167.0'),
('0961115', '1070', 12, '187.0', '181.0'),
('0900209', '1540', 20, '133.0', '129.0'),
('0900209', '0740', 10, '48.0', '46.0'),
('0940915', '1850', 23, '94.0', '88.0'),
('0900704', '1280', 23, '50.0', '46.0'),
('0901005', '0660', 18, '19.0', '15.0'),
('0971006', '1800', 9, '78.0', '73.0'),
('0990806', '1720', 17, '69.0', '64.0'),
('0941102', '1580', 21, '22.0', '18.0'),
('0970111', '1340', 21, '185.0', '180.0'),
('0910307', '0190', 2, '175.0', '175.0'),
('1010204', '1280', 3, '117.0', '109.0'),
('0950530', '0500', 12, '30.0', '30.0'),
('0961104', '0710', 28, '114.0', '112.0'),
('0980714', '0520', 2, '84.0', '81.0'),
('0960115', '0060', 16, '203.0', '200.0'),
('1010426', '0760', 8, '41.0', '38.0'),
('0910802', '0580', 27, '33.0', '26.0'),
('0960607', '1790', 2, '43.0', '43.0'),
('0910526', '1360', 28, '145.0', '143.0'),
('1000514', '0730', 18, '59.0', '59.0'),
('1010129', '0250', 23, '130.0', '125.0'),
('0930616', '0780', 29, '34.0', '29.0'),
('0990402', '0710', 19, '75.0', '70.0'),
('0910220', '1870', 20, '29.0', '29.0'),
('0981127', '0760', 7, '168.0', '160.0'),
('0900416', '1350', 25, '185.0', '180.0'),
('0960514', '0230', 27, '108.0', '108.0'),
('0960819', '1620', 3, '87.0', '84.0'),
('0940324', '0820', 24, '116.0', '111.0'),
('1001114', '0890', 12, '204.0', '203.0'),
('1000922', '0070', 6, '186.0', '186.0'),
('0940919', '0980', 17, '201.0', '195.0'),
('0960629', '1240', 28, '65.0', '63.0'),
('0970520', '0140', 23, '108.0', '107.0'),
('0940517', '0790', 12, '200.0', '199.0'),
('0910425', '0060', 26, '47.0', '45.0'),
('0950914', '0200', 1, '24.0', '22.0'),
('1001102', '1810', 10, '160.0', '153.0'),
('0980108', '1400', 24, '143.0', '139.0'),
('0941024', '1020', 5, '58.0', '58.0'),
('1001102', '0010', 6, '139.0', '136.0'),
('0980208', '0590', 2, '57.0', '55.0'),
('0971213', '1870', 11, '57.0', '49.0'),
('0981009', '0050', 16, '12.0', '12.0'),
('0960508', '1830', 26, '53.0', '50.0'),
('0901016', '0750', 24, '188.0', '182.0'),
('0980809', '0090', 21, '187.0', '187.0'),
('1001122', '1380', 8, '90.0', '89.0'),
('0900229', '0220', 24, '142.0', '141.0'),
('1010611', '0790', 1, '154.0', '150.0'),
('0961205', '1210', 2, '91.0', '86.0'),
('0920813', '1820', 22, '122.0', '116.0'),
('0980817', '1570', 6, '180.0', '179.0'),
('0930301', '1770', 6, '80.0', '75.0'),
('1011228', '0350', 18, '93.0', '90.0'),
('1001126', '1390', 28, '209.0', '201.0'),
('0930513', '1490', 25, '80.0', '75.0'),
('1000822', '0970', 19, '171.0', '169.0'),
('1000306', '0430', 17, '33.0', '33.0'),
('0991013', '1890', 2, '93.0', '88.0'),
('0920422', '0460', 1, '78.0', '75.0'),
('0920729', '1350', 18, '12.0', '12.0'),
('0930116', '0330', 22, '190.0', '187.0'),
('0901008', '0350', 2, '30.0', '26.0'),
('0960528', '1000', 7, '151.0', '143.0'),
('0901213', '0750', 28, '40.0', '36.0'),
('1000423', '1330', 8, '85.0', '79.0'),
('0930716', '1540', 10, '156.0', '156.0'),
('1010709', '0510', 24, '48.0', '42.0'),
('0910212', '0080', 6, '156.0', '156.0'),
('0940801', '1050', 28, '58.0', '54.0'),
('0991106', '1790', 3, '87.0', '87.0'),
('0970118', '1270', 9, '147.0', '147.0'),
('0981208', '1100', 27, '199.0', '191.0'),
('0950126', '0100', 23, '184.0', '180.0'),
('0980730', '0580', 30, '87.0', '79.0'),
('1010819', '0500', 3, '108.0', '101.0'),
('0971106', '0340', 29, '96.0', '95.0'),
('0990824', '0430', 25, '206.0', '200.0'),
('0911104', '0210', 23, '67.0', '61.0'),
('0970217', '1750', 29, '206.0', '202.0'),
('0981026', '1250', 26, '26.0', '26.0'),
('1010716', '1650', 5, '25.0', '19.0'),
('0991122', '1730', 16, '90.0', '82.0'),
('0910717', '1290', 17, '120.0', '112.0'),
('1010319', '1720', 4, '155.0', '152.0'),
('0980304', '0990', 12, '45.0', '44.0'),
('0990814', '0950', 3, '190.0', '187.0'),
('0941202', '1500', 26, '128.0', '124.0'),
('0930830', '0410', 2, '60.0', '55.0'),
('1000307', '1450', 28, '13.0', '7.0'),
('0980606', '1500', 29, '95.0', '87.0'),
('0900503', '0690', 29, '127.0', '125.0'),
('0920619', '1210', 5, '104.0', '104.0'),
('0991010', '1880', 30, '140.0', '140.0'),
('0930804', '0550', 12, '175.0', '170.0'),
('0920424', '1750', 8, '209.0', '205.0'),
('0990705', '0290', 26, '82.0', '80.0'),
('0960516', '0160', 12, '151.0', '148.0'),
('0980220', '0920', 3, '28.0', '24.0'),
('1011108', '1890', 17, '117.0', '117.0'),
('1001126', '1520', 3, '71.0', '70.0'),
('1011221', '1040', 5, '64.0', '57.0'),
('0900219', '0090', 9, '103.0', '98.0'),
('1010407', '0620', 23, '109.0', '101.0'),
('0911013', '0040', 2, '110.0', '109.0'),
('0990326', '0870', 1, '65.0', '62.0'),
('0960920', '0450', 19, '100.0', '92.0'),
('0950327', '0860', 28, '19.0', '19.0'),
('0911209', '1330', 14, '56.0', '50.0'),
('0981009', '0810', 10, '132.0', '128.0'),
('0940521', '1210', 8, '199.0', '192.0'),
('1010619', '1390', 12, '181.0', '180.0'),
('0900206', '0810', 23, '28.0', '28.0'),
('0910521', '1580', 25, '191.0', '187.0'),
('1010128', '1500', 5, '104.0', '104.0'),
('0900501', '0220', 20, '87.0', '87.0'),
('0971210', '0240', 26, '185.0', '181.0'),
('1010611', '1340', 17, '61.0', '61.0'),
('0991201', '0390', 8, '78.0', '71.0'),
('1001107', '1510', 25, '81.0', '78.0'),
('0990104', '1560', 26, '156.0', '152.0'),
('1000723', '1000', 15, '133.0', '127.0'),
('0930301', '0840', 6, '88.0', '88.0'),
('0960618', '1930', 7, '211.0', '204.0'),
('0900725', '1440', 17, '86.0', '79.0'),
('0911201', '0790', 30, '203.0', '197.0'),
('0980306', '0370', 13, '209.0', '209.0'),
('0941010', '1890', 16, '110.0', '110.0'),
('0930228', '1680', 27, '179.0', '171.0'),
('0900311', '0170', 3, '24.0', '19.0'),
('0920628', '1750', 6, '127.0', '119.0'),
('0940726', '1820', 18, '32.0', '27.0'),
('1010102', '0590', 3, '169.0', '163.0'),
('0921211', '0530', 11, '180.0', '176.0'),
('0930127', '0230', 22, '159.0', '154.0'),
('0920911', '1100', 13, '181.0', '175.0'),
('0940112', '1820', 6, '22.0', '17.0'),
('1011106', '0200', 10, '66.0', '64.0'),
('0930625', '1250', 1, '125.0', '124.0'),
('0970630', '1630', 14, '114.0', '106.0'),
('0980919', '0720', 4, '181.0', '173.0'),
('0990321', '0870', 16, '205.0', '198.0'),
('0941017', '0090', 14, '194.0', '189.0'),
('1000101', '0380', 5, '32.0', '31.0'),
('0990909', '0590', 4, '125.0', '125.0'),
('0911008', '0420', 5, '153.0', '145.0'),
('1010130', '0710', 14, '159.0', '158.0'),
('0911013', '0510', 13, '137.0', '129.0'),
('0940322', '0260', 19, '169.0', '161.0'),
('1000109', '1740', 11, '21.0', '17.0'),
('0950211', '1330', 8, '117.0', '111.0'),
('0970521', '0170', 8, '29.0', '23.0'),
('0940622', '1680', 6, '196.0', '189.0'),
('0920323', '0440', 4, '150.0', '147.0'),
('0940313', '0090', 11, '121.0', '118.0'),
('0930729', '0830', 20, '204.0', '199.0'),
('0930404', '0060', 22, '44.0', '36.0'),
('0901104', '1550', 25, '84.0', '79.0'),
('0990130', '0590', 21, '77.0', '75.0'),
('0911011', '0380', 7, '113.0', '108.0'),
('0900429', '0200', 28, '191.0', '188.0'),
('0991225', '1530', 20, '191.0', '191.0'),
('0970516', '0630', 26, '48.0', '43.0'),
('0980211', '1900', 28, '75.0', '74.0'),
('0950817', '1430', 10, '199.0', '195.0'),
('0910113', '1360', 14, '45.0', '38.0'),
('0970908', '0240', 16, '114.0', '114.0'),
('0900111', '1010', 24, '126.0', '126.0'),
('0970725', '1290', 25, '96.0', '90.0'),
('0921010', '1860', 16, '42.0', '41.0'),
('0991123', '0680', 10, '108.0', '108.0'),
('0980711', '0270', 12, '168.0', '163.0'),
('1011012', '0080', 11, '188.0', '184.0'),
('0950822', '1030', 27, '133.0', '130.0'),
('0950130', '1850', 3, '165.0', '163.0'),
('0930611', '1360', 30, '46.0', '46.0'),
('1000704', '1770', 4, '111.0', '106.0'),
('0920816', '0570', 7, '87.0', '86.0'),
('0931216', '1530', 6, '44.0', '44.0'),
('0950815', '0190', 30, '172.0', '167.0'),
('0990619', '0860', 26, '83.0', '78.0'),
('0970405', '0510', 27, '20.0', '18.0'),
('0980815', '0630', 12, '125.0', '120.0'),
('0960505', '1590', 13, '168.0', '165.0'),
('0990815', '0030', 26, '159.0', '154.0'),
('0921024', '0070', 9, '205.0', '200.0'),
('0930630', '0890', 18, '157.0', '155.0'),
('0910819', '1140', 25, '111.0', '109.0'),
('1010506', '0120', 5, '180.0', '179.0'),
('0910830', '0780', 12, '103.0', '103.0'),
('0960502', '1720', 1, '142.0', '138.0'),
('1001209', '0550', 15, '108.0', '106.0'),
('0900818', '0200', 17, '36.0', '35.0'),
('0900103', '0070', 5, '108.0', '102.0'),
('0900412', '0260', 10, '96.0', '91.0'),
('0961121', '1270', 8, '59.0', '57.0'),
('0980707', '0270', 6, '177.0', '169.0'),
('0920228', '1140', 19, '23.0', '23.0'),
('0900602', '1440', 19, '109.0', '102.0'),
('0981128', '1690', 6, '24.0', '16.0'),
('0900902', '1180', 29, '148.0', '148.0'),
('0950225', '0890', 24, '88.0', '85.0'),
('0910115', '1760', 30, '208.0', '208.0'),
('0920223', '0470', 30, '67.0', '67.0'),
('0960504', '0710', 1, '137.0', '130.0'),
('1010721', '0390', 4, '175.0', '172.0'),
('0950430', '0320', 4, '199.0', '195.0'),
('0970529', '1370', 21, '131.0', '128.0'),
('0961024', '0120', 28, '211.0', '204.0'),
('0951118', '0980', 29, '169.0', '164.0'),
('0950520', '1630', 29, '180.0', '176.0'),
('0930805', '0320', 3, '46.0', '38.0'),
('0960216', '0230', 7, '64.0', '61.0'),
('0920227', '0350', 12, '42.0', '37.0'),
('1000807', '0240', 1, '78.0', '73.0'),
('0950304', '1330', 8, '26.0', '18.0'),
('0900405', '0370', 5, '123.0', '116.0'),
('0950809', '1180', 6, '123.0', '122.0'),
('0960528', '0300', 19, '43.0', '43.0'),
('0910222', '1030', 21, '211.0', '205.0'),
('0910111', '0690', 4, '54.0', '54.0'),
('0910713', '0990', 25, '134.0', '134.0'),
('0900210', '0530', 12, '210.0', '208.0'),
('0971024', '0040', 18, '116.0', '114.0'),
('0931122', '1650', 7, '16.0', '10.0'),
('0941227', '0660', 7, '173.0', '172.0'),
('0940123', '1350', 4, '134.0', '130.0'),
('0910202', '0900', 9, '119.0', '119.0'),
('0960901', '1160', 28, '155.0', '153.0'),
('0970825', '1690', 15, '169.0', '165.0'),
('0931007', '1460', 7, '75.0', '75.0'),
('0940317', '0390', 13, '193.0', '193.0'),
('0951203', '0500', 14, '197.0', '193.0'),
('0901224', '1770', 15, '103.0', '100.0'),
('0940822', '1170', 24, '52.0', '51.0'),
('0900730', '0750', 1, '152.0', '144.0'),
('1000116', '0570', 11, '78.0', '78.0'),
('1010120', '1110', 11, '193.0', '189.0'),
('0920607', '1210', 1, '141.0', '137.0'),
('0960315', '0960', 11, '117.0', '114.0'),
('0920501', '0600', 20, '57.0', '53.0'),
('0990624', '0270', 15, '17.0', '9.0'),
('0930219', '1610', 18, '159.0', '158.0'),
('0971019', '0260', 22, '25.0', '25.0'),
('0950223', '1140', 2, '151.0', '145.0'),
('0950214', '1370', 22, '133.0', '129.0'),
('0930810', '0920', 14, '43.0', '38.0'),
('0900824', '1410', 27, '71.0', '66.0'),
('0970208', '0740', 30, '157.0', '157.0'),
('0961019', '1770', 22, '208.0', '207.0'),
('1000327', '0960', 24, '189.0', '188.0'),
('0990519', '0210', 6, '26.0', '24.0'),
('0920111', '1070', 6, '95.0', '87.0'),
('0910819', '0630', 19, '149.0', '142.0'),
('0940103', '0710', 18, '103.0', '98.0'),
('0960408', '1240', 29, '92.0', '91.0'),
('0991215', '1220', 7, '195.0', '189.0'),
('0930609', '0960', 3, '172.0', '164.0'),
('0931025', '0650', 29, '97.0', '94.0'),
('0930103', '1610', 29, '23.0', '19.0'),
('1010330', '0590', 23, '204.0', '204.0'),
('0990823', '0680', 29, '159.0', '159.0'),
('0980616', '0620', 23, '30.0', '29.0'),
('0930906', '0810', 13, '173.0', '171.0'),
('0950119', '1790', 21, '198.0', '192.0'),
('0910927', '0440', 30, '181.0', '176.0'),
('0900330', '0510', 27, '40.0', '39.0'),
('0920503', '1480', 10, '13.0', '13.0'),
('0940408', '1230', 8, '31.0', '26.0'),
('0990730', '0460', 1, '59.0', '59.0'),
('0940625', '1050', 30, '122.0', '115.0'),
('0981202', '1430', 6, '73.0', '73.0'),
('1000706', '1720', 9, '135.0', '133.0'),
('0980719', '1110', 30, '104.0', '99.0'),
('0960918', '1300', 20, '202.0', '200.0'),
('0910522', '0680', 21, '183.0', '183.0'),
('0900808', '1280', 10, '185.0', '185.0'),
('0940518', '1200', 7, '167.0', '167.0'),
('0940429', '1680', 11, '177.0', '174.0'),
('0941211', '0610', 4, '166.0', '159.0'),
('0941115', '0680', 24, '171.0', '169.0'),
('0970128', '0850', 28, '141.0', '135.0'),
('0970219', '1320', 30, '59.0', '57.0'),
('0971006', '0100', 1, '143.0', '141.0'),
('0970817', '0160', 13, '44.0', '44.0'),
('0970105', '0660', 21, '45.0', '37.0'),
('0910916', '0790', 13, '21.0', '15.0'),
('1000220', '0580', 25, '193.0', '186.0'),
('0920412', '0810', 3, '116.0', '109.0'),
('0991214', '1120', 29, '156.0', '156.0'),
('0960926', '1760', 4, '137.0', '135.0'),
('0981115', '1120', 19, '26.0', '23.0'),
('0930610', '0910', 18, '51.0', '43.0'),
('0990627', '0470', 28, '28.0', '28.0'),
('0990629', '0490', 29, '42.0', '42.0'),
('0970507', '1120', 27, '120.0', '120.0'),
('0941004', '0520', 7, '58.0', '50.0'),
('1010428', '0900', 19, '191.0', '189.0'),
('0940616', '1270', 13, '39.0', '39.0'),
('0930108', '1570', 29, '71.0', '69.0'),
('0940722', '1450', 26, '45.0', '45.0'),
('0980230', '0190', 2, '60.0', '55.0'),
('0991103', '0900', 6, '37.0', '33.0'),
('1011228', '1340', 27, '195.0', '193.0'),
('0990214', '1590', 24, '126.0', '120.0'),
('0900311', '1350', 6, '152.0', '144.0'),
('0980811', '1210', 5, '160.0', '160.0'),
('0950125', '1350', 5, '46.0', '42.0'),
('1011129', '0190', 11, '161.0', '157.0'),
('0930724', '1400', 4, '85.0', '84.0'),
('0970715', '1410', 1, '166.0', '162.0'),
('0940620', '0250', 27, '58.0', '57.0'),
('1011216', '0020', 13, '61.0', '61.0'),
('0900523', '1180', 21, '21.0', '14.0'),
('0971104', '0520', 18, '33.0', '32.0'),
('0930120', '0360', 16, '95.0', '93.0'),
('0900601', '1210', 19, '165.0', '163.0'),
('0940824', '0230', 26, '190.0', '188.0'),
('0990511', '1370', 29, '116.0', '114.0'),
('0950301', '0200', 7, '132.0', '129.0'),
('0980226', '1290', 15, '191.0', '187.0'),
('0961221', '0200', 8, '209.0', '209.0'),
('0951025', '1190', 27, '158.0', '153.0'),
('0930304', '0680', 22, '79.0', '71.0'),
('0940805', '0790', 5, '208.0', '207.0'),
('0970417', '1580', 9, '40.0', '34.0'),
('0950907', '0330', 15, '184.0', '180.0'),
('0941011', '0620', 18, '162.0', '157.0'),
('1001108', '0720', 18, '179.0', '179.0'),
('0920105', '1750', 24, '40.0', '32.0'),
('0900805', '0880', 4, '63.0', '57.0'),
('0960826', '0080', 15, '121.0', '114.0'),
('0920401', '1240', 6, '82.0', '82.0'),
('0970813', '1910', 10, '59.0', '51.0'),
('0900519', '0250', 9, '145.0', '139.0'),
('0910512', '1090', 7, '96.0', '96.0'),
('1000921', '1040', 7, '66.0', '65.0'),
('0940806', '0450', 16, '71.0', '65.0'),
('0940608', '0980', 27, '19.0', '16.0'),
('0951218', '1830', 8, '191.0', '187.0'),
('1010617', '1810', 14, '45.0', '41.0'),
('0921019', '1390', 19, '61.0', '59.0'),
('0960405', '1810', 19, '193.0', '189.0'),
('0921215', '0770', 21, '48.0', '44.0'),
('0970307', '1850', 7, '39.0', '36.0'),
('0970117', '0690', 1, '193.0', '188.0'),
('0931120', '1090', 9, '64.0', '63.0'),
('0960514', '0880', 26, '94.0', '87.0'),
('0950913', '1180', 1, '22.0', '22.0'),
('1010702', '0920', 18, '55.0', '55.0'),
('0971123', '1630', 27, '142.0', '138.0'),
('0960130', '1640', 2, '44.0', '37.0'),
('0991014', '1730', 27, '145.0', '142.0'),
('0941012', '0230', 12, '187.0', '187.0'),
('0940427', '1880', 18, '123.0', '118.0'),
('0920113', '0900', 11, '72.0', '67.0'),
('1010113', '1130', 30, '195.0', '193.0'),
('0940521', '0410', 6, '189.0', '189.0'),
('0920224', '0870', 29, '37.0', '35.0'),
('0900616', '0950', 29, '177.0', '171.0'),
('0920527', '1030', 23, '168.0', '163.0'),
('1010316', '1770', 24, '115.0', '115.0'),
('0901208', '1640', 13, '160.0', '157.0'),
('1001103', '1040', 12, '97.0', '95.0'),
('0980203', '0630', 30, '64.0', '60.0'),
('1010501', '0090', 7, '21.0', '15.0'),
('1000130', '1720', 4, '194.0', '188.0'),
('0900607', '1070', 28, '206.0', '202.0'),
('0950329', '0860', 25, '107.0', '102.0'),
('0940511', '1210', 17, '176.0', '174.0'),
('0961224', '1230', 15, '136.0', '128.0'),
('0940110', '0660', 20, '177.0', '172.0'),
('0980224', '1400', 23, '87.0', '81.0'),
('0950712', '1160', 26, '133.0', '133.0'),
('0930716', '0460', 8, '72.0', '72.0'),
('0910730', '1930', 24, '112.0', '109.0'),
('1000126', '0630', 29, '205.0', '202.0'),
('0960704', '0440', 5, '164.0', '161.0'),
('0910407', '1560', 5, '193.0', '189.0'),
('0941225', '1650', 14, '50.0', '42.0'),
('0960523', '1470', 25, '52.0', '48.0'),
('0991127', '1890', 23, '81.0', '81.0'),
('0921101', '0950', 23, '161.0', '159.0'),
('0971114', '1140', 13, '61.0', '61.0'),
('0990409', '0690', 25, '110.0', '102.0'),
('0950325', '0540', 28, '69.0', '62.0'),
('0980308', '0010', 26, '45.0', '39.0'),
('0970425', '0660', 23, '29.0', '29.0'),
('0900310', '1390', 14, '154.0', '153.0'),
('0950816', '1500', 19, '200.0', '196.0'),
('0980321', '1880', 5, '150.0', '145.0'),
('0910216', '1400', 13, '138.0', '130.0'),
('0990610', '1240', 5, '121.0', '121.0'),
('0930606', '1100', 9, '159.0', '155.0'),
('0970101', '1840', 12, '184.0', '184.0'),
('1000411', '0270', 15, '32.0', '26.0'),
('0990227', '1170', 30, '168.0', '168.0'),
('0910223', '0050', 19, '153.0', '153.0'),
('0910905', '0800', 26, '79.0', '78.0'),
('0920504', '1480', 22, '34.0', '30.0'),
('0910224', '0390', 24, '57.0', '54.0'),
('0980115', '0910', 21, '33.0', '30.0'),
('0950929', '0020', 7, '207.0', '203.0'),
('0920822', '0710', 9, '35.0', '34.0'),
('0910301', '0270', 16, '131.0', '126.0'),
('0980513', '1460', 20, '128.0', '122.0'),
('0940605', '1490', 6, '169.0', '168.0'),
('1011204', '1430', 7, '85.0', '84.0'),
('1010610', '0100', 20, '199.0', '191.0'),
('0941003', '0530', 12, '41.0', '34.0'),
('0910722', '0200', 22, '175.0', '173.0'),
('0960125', '1680', 24, '143.0', '137.0'),
('1010412', '1640', 13, '80.0', '75.0'),
('0940715', '1490', 7, '27.0', '20.0'),
('1001002', '0220', 11, '95.0', '92.0'),
('0930109', '1720', 22, '151.0', '149.0'),
('0910603', '0450', 15, '198.0', '198.0'),
('0911230', '1760', 27, '134.0', '134.0'),
('0951123', '1760', 24, '58.0', '54.0'),
('0930226', '1420', 5, '113.0', '113.0'),
('0950729', '1470', 15, '157.0', '149.0'),
('0990523', '1780', 22, '200.0', '199.0'),
('0940305', '1440', 30, '110.0', '110.0'),
('0960510', '1180', 21, '150.0', '147.0'),
('0920511', '0140', 30, '118.0', '116.0'),
('0930602', '1750', 10, '194.0', '194.0'),
('0930721', '0470', 2, '175.0', '171.0'),
('0970607', '1600', 30, '79.0', '73.0'),
('0990528', '0740', 29, '135.0', '131.0'),
('0931116', '0480', 3, '64.0', '61.0'),
('0920402', '0440', 24, '95.0', '90.0'),
('1000626', '1490', 3, '118.0', '110.0'),
('0960320', '0680', 9, '199.0', '194.0'),
('0910715', '1260', 28, '179.0', '178.0'),
('0900418', '0980', 29, '204.0', '203.0'),
('1010318', '1760', 26, '37.0', '37.0'),
('0900426', '1280', 11, '146.0', '146.0'),
('0951029', '1290', 27, '125.0', '125.0'),
('0930321', '0710', 24, '135.0', '132.0'),
('0940410', '1030', 25, '68.0', '68.0'),
('0970609', '1830', 1, '182.0', '180.0'),
('0980316', '1750', 12, '40.0', '35.0'),
('0990626', '1280', 14, '146.0', '139.0'),
('1010317', '1090', 7, '208.0', '205.0'),
('0920622', '0940', 20, '33.0', '25.0'),
('0991215', '0220', 26, '196.0', '193.0'),
('0970903', '0390', 6, '81.0', '81.0'),
('0960912', '1220', 25, '15.0', '15.0'),
('0980927', '0240', 15, '117.0', '111.0'),
('1010711', '0970', 6, '161.0', '154.0'),
('0990302', '0420', 29, '170.0', '163.0'),
('0990218', '1300', 19, '48.0', '48.0'),
('0990818', '1310', 27, '143.0', '136.0'),
('1000630', '1770', 11, '101.0', '94.0'),
('1000305', '0460', 18, '177.0', '170.0'),
('0960728', '0910', 27, '117.0', '115.0'),
('0950509', '0640', 13, '35.0', '27.0'),
('0921008', '0020', 14, '55.0', '52.0'),
('0990726', '1550', 23, '23.0', '18.0'),
('0950827', '0030', 14, '95.0', '93.0'),
('0991107', '1400', 28, '81.0', '73.0'),
('0931214', '1630', 18, '156.0', '148.0'),
('0920904', '1360', 17, '105.0', '100.0'),
('1000206', '1070', 17, '27.0', '26.0'),
('0940101', '0800', 9, '135.0', '131.0'),
('0911009', '0420', 23, '104.0', '101.0'),
('0980113', '1120', 2, '156.0', '148.0'),
('0910916', '1160', 13, '139.0', '134.0'),
('0991111', '0070', 8, '208.0', '208.0'),
('0930109', '0810', 14, '89.0', '87.0'),
('0920710', '1610', 16, '102.0', '101.0'),
('0940617', '0730', 29, '92.0', '90.0'),
('0991011', '0360', 21, '190.0', '182.0'),
('0971107', '0790', 10, '158.0', '158.0'),
('0990919', '0800', 3, '135.0', '134.0'),
('1000120', '1910', 27, '211.0', '208.0'),
('0990320', '1730', 11, '136.0', '134.0'),
('0970128', '1210', 11, '115.0', '112.0'),
('0920108', '0160', 5, '41.0', '41.0'),
('0991225', '1490', 28, '87.0', '86.0'),
('1000216', '1030', 8, '187.0', '185.0'),
('1000601', '1920', 27, '22.0', '20.0'),
('0961129', '1800', 19, '84.0', '80.0'),
('0941021', '0010', 21, '77.0', '77.0'),
('0960429', '1820', 15, '96.0', '88.0'),
('0900609', '1480', 26, '67.0', '62.0'),
('0910216', '1930', 16, '15.0', '8.0'),
('0930812', '1780', 12, '195.0', '191.0'),
('0930205', '0800', 29, '192.0', '190.0'),
('0980330', '0800', 5, '156.0', '153.0'),
('0950325', '1580', 9, '62.0', '62.0'),
('0940712', '0460', 30, '97.0', '97.0'),
('1000710', '0340', 16, '208.0', '204.0'),
('0990903', '1150', 13, '154.0', '147.0'),
('0970701', '0360', 25, '192.0', '187.0'),
('0990922', '1550', 28, '12.0', '9.0'),
('0961220', '0410', 2, '188.0', '188.0'),
('0991022', '1140', 12, '115.0', '115.0'),
('0991111', '0100', 23, '89.0', '89.0'),
('0960112', '1360', 26, '138.0', '136.0'),
('0910915', '0740', 1, '122.0', '122.0'),
('0961005', '0830', 30, '26.0', '20.0'),
('0930911', '0430', 17, '159.0', '152.0'),
('0910407', '1620', 5, '53.0', '53.0'),
('0901212', '1850', 3, '140.0', '134.0'),
('0940629', '0790', 23, '94.0', '92.0'),
('0901221', '0030', 26, '30.0', '24.0'),
('0910826', '1240', 15, '133.0', '131.0'),
('0911205', '1060', 25, '110.0', '104.0'),
('0970602', '0860', 11, '79.0', '74.0'),
('0911211', '0540', 5, '111.0', '107.0'),
('0931225', '1350', 28, '62.0', '58.0'),
('0910121', '0410', 23, '63.0', '63.0'),
('0910112', '0720', 15, '38.0', '34.0'),
('0990218', '0220', 22, '13.0', '13.0'),
('0900324', '0770', 23, '25.0', '22.0'),
('0940322', '0880', 21, '54.0', '52.0'),
('0900512', '0020', 20, '152.0', '146.0'),
('0951118', '0950', 15, '119.0', '117.0'),
('1010303', '1390', 11, '62.0', '54.0'),
('0951015', '0980', 5, '108.0', '108.0'),
('0950525', '1460', 2, '187.0', '185.0'),
('1010126', '0540', 13, '106.0', '98.0'),
('0900901', '1820', 12, '211.0', '206.0'),
('0920903', '0240', 5, '81.0', '76.0'),
('0920227', '0560', 12, '200.0', '198.0'),
('0970910', '0420', 19, '43.0', '43.0'),
('0950510', '1160', 28, '178.0', '171.0'),
('0920409', '0410', 16, '137.0', '137.0'),
('0950425', '0020', 28, '127.0', '125.0'),
('0970704', '0430', 16, '182.0', '182.0'),
('1001029', '0060', 7, '70.0', '66.0'),
('0920726', '1690', 10, '57.0', '57.0'),
('0860102', '0360', 1, '9.0', '7.3'),
('0860105', '0070', 1, '46.0', '44.9'),
('0860105', '0070', 1, '46.0', '44.9'),
('0860105', '0620', 2, '118.0', '107.0'),
('0860105', '0670', 2, '14.0', '13.7'),
('0860105', '0680', 2, '29.0', '28.3'),
('0860105', '0730', 1, '34.0', '32.0'),
('0860105', '0790', 1, '46.0', '44.9'),
('0860105', '0800', 1, '73.0', '71.3'),
('0860107', '0580', 4, '80.0', '76.7'),
('0860107', '0810', 1, '73.0', '71.3'),
('0860107', '0880', 1, '34.0', '33.2'),
('0860107', '0070', 1, '46.0', '44.9'),
('0860107', '0070', 1, '46.0', '44.9'),
('0860110', '0060', 5, '21.0', '20.5'),
('0860110', '0370', 1, '10.0', '9.0'),
('0860110', '0240', 1, '22.0', '21.5'),
('0860110', '0250', 1, '85.0', '82.9'),
('0860110', '0310', 2, '15.0', '13.9'),
('0860110', '0320', 1, '12.0', '11.1'),
('0860110', '0360', 1, '9.0', '7.3'),
('0860110', '0370', 1, '10.0', '9.0'),
('0860112', '0570', 4, '131.0', '128.0'),
('0860116', '0410', 1, '12.0', '10.2'),
('0860116', '0420', 3, '12.0', '10.2'),
('0860116', '0490', 1, '312.0', '304.2'),
('0860116', '0500', 1, '6.0', '5.9'),
('0860116', '0060', 5, '21.0', '20.5'),
('0860201', '0320', 1, '12.0', '11.1'),
('0860203', '0070', 1, '46.0', '44.9'),
('0860203', '0070', 1, '46.0', '44.9'),
('0860203', '0070', 1, '46.0', '44.9'),
('0860203', '0070', 1, '46.0', '44.9'),
('0860203', '0070', 1, '46.0', '44.9'),
('0860203', '0620', 2, '118.0', '107.0'),
('0860205', '0670', 2, '14.0', '13.7'),
('0860205', '0680', 2, '29.0', '28.3'),
('0860208', '0730', 1, '34.0', '32.0'),
('0860208', '0790', 1, '46.0', '44.9'),
('0860211', '0310', 2, '15.0', '13.9'),
('0860214', '0500', 1, '6.0', '5.9'),
('0860221', '0800', 1, '73.0', '71.3'),
('0860221', '0810', 1, '73.0', '71.3'),
('0860221', '0880', 1, '34.0', '33.2'),
('0860230', '0250', 1, '85.0', '82.9'),
('0860314', '0120', 1, '12.0', '11.7'),
('0860314', '1000', 3, '17.0', '16.0'),
('0860314', '1010', 3, '45.0', '43.0'),
('0860314', '1020', 3, '40.0', '37.5'),
('0860314', '1090', 1, '22.0', '20.0'),
('0860319', '1100', 1, '45.0', '42.0'),
('0860319', '1160', 2, '50.0', '42.5'),
('0860319', '1170', 2, '32.0', '31.0'),
('0860319', '1220', 2, '35.0', '33.0'),
('0860321', '0410', 1, '12.0', '10.2'),
('0860325', '0230', 3, '42.0', '41.0'),
('0860412', '0160', 1, '14.0', '13.7'),
('0860412', '0170', 2, '19.5', '19.0'),
('0860415', '0180', 2, '169.0', '164.8'),
('0860421', '0420', 3, '12.0', '10.2'),
('0860503', '0120', 1, '12.0', '11.7'),
('0860523', '0490', 1, '312.0', '304.2'),
('0860602', '0130', 1, '19.5', '19.0'),
('0860725', '0240', 1, '22.0', '21.5'),
('0860910', '0620', 2, '118.0', '107.0'),
('0870102', '1610', 1, '15.0', '13.5'),
('0870122', '1490', 1, '103.0', '97.0'),
('0870130', '1560', 1, '45.0', '40.0'),
('0870202', '1020', 3, '40.0', '37.5'),
('0870202', '1760', 2, '78.0', '76.1'),
('0870204', '1010', 3, '45.0', '43.0'),
('0870214', '1840', 2, '72.0', '70.2'),
('0870219', '1220', 2, '35.0', '33.0'),
('0870301', '1650', 3, '56.0', '52.0'),
('0870304', '1660', 3, '198.0', '190.0'),
('0870325', '1160', 2, '50.0', '42.5'),
('0870328', '1170', 2, '32.0', '31.0'),
('0870331', '1090', 1, '22.0', '20.0'),
('0870331', '1100', 1, '45.0', '42.0'),
('0870413', '1280', 5, '16.0', '15.0'),
('0870414', '1330', 2, '20.0', '19.0'),
('0870518', '0960', 1, '169.0', '159.9'),
('0870521', '0950', 1, '215.0', '209.6'),
('0870530', '1270', 5, '20.0', '19.0'),
('0870607', '0980', 1, '168.0', '163.8'),
('0870608', '0990', 2, '21.0', '19.0'),
('0870609', '1000', 3, '17.0', '16.0'),
('0870617', '0970', 1, '173.0', '168.7'),
('0870625', '1900', 1, '156.0', '152.1'),
('0870718', '1910', 1, '89.0', '86.0'),
('0870723', '0810', 1, '73.0', '71.3'),
('0870724', '0880', 1, '34.0', '33.2'),
('0870803', '0790', 1, '46.0', '44.9'),
('0870803', '0800', 1, '73.0', '71.3'),
('0870812', '0680', 2, '29.0', '28.3'),
('0870812', '0730', 1, '34.0', '32.0'),
('0870815', '1340', 2, '20.0', '19.0'),
('0870817', '1410', 2, '125.0', '120.0'),
('0870825', '1480', 1, '73.0', '70.0'),
('0870826', '1420', 1, '190.0', '180.0'),
('0880724', '0880', 3, '34.0', '33.2'),
('0880803', '0790', 4, '46.0', '44.9'),
('0880803', '0800', 5, '73.0', '71.3'),
('0880812', '0680', 2, '29.0', '28.3'),
('0880812', '0730', 1, '34.0', '32.0'),
('0890724', '0880', 1, '34.0', '33.2'),
('0890803', '0790', 11, '46.0', '44.9'),
('0890803', '0810', 22, '73.0', '71.3'),
('0890812', '0690', 12, '29.0', '28.3'),
('0890812', '0730', 4, '34.0', '32.0'),
('0900724', '0880', 1, '34.0', '33.2'),
('0900803', '0790', 1, '46.0', '44.9'),
('0900803', '0800', 1, '73.0', '71.3'),
('0900812', '0680', 2, '29.0', '28.3'),
('0900812', '0730', 1, '34.0', '32.0'),
('0930322', '0060', 28, '181.0', '181.0'),
('0910902', '0220', 8, '88.0', '80.0'),
('0910712', '1510', 7, '61.0', '60.0'),
('0960621', '0610', 24, '106.0', '104.0'),
('0990216', '0500', 29, '55.0', '52.0'),
('0940603', '1310', 18, '32.0', '32.0'),
('0920611', '0300', 25, '162.0', '158.0'),
('1000729', '1910', 19, '53.0', '53.0'),
('0910425', '0970', 26, '131.0', '129.0'),
('0941021', '1770', 10, '188.0', '186.0'),
('0910510', '1360', 4, '75.0', '67.0'),
('0980716', '1150', 22, '195.0', '194.0'),
('0990121', '1390', 7, '26.0', '23.0'),
('0961001', '0470', 13, '130.0', '125.0'),
('0940211', '1570', 16, '166.0', '159.0'),
('0990122', '1370', 27, '12.0', '6.0'),
('0990305', '0360', 22, '199.0', '191.0'),
('0940413', '0710', 14, '209.0', '207.0'),
('0980406', '0250', 15, '119.0', '116.0'),
('1010814', '0300', 26, '211.0', '206.0'),
('0991024', '0190', 27, '14.0', '12.0'),
('0980108', '1220', 21, '100.0', '99.0'),
('0920908', '1790', 4, '25.0', '23.0'),
('1000702', '0890', 6, '77.0', '70.0'),
('0930410', '1000', 15, '106.0', '100.0'),
('0970127', '0790', 7, '103.0', '102.0'),
('1010928', '1440', 21, '44.0', '37.0'),
('0930120', '0980', 8, '91.0', '84.0'),
('0950306', '0080', 11, '119.0', '115.0'),
('0960326', '0380', 2, '147.0', '144.0'),
('0960118', '0750', 27, '66.0', '66.0'),
('0970418', '0860', 4, '35.0', '32.0'),
('0921017', '0220', 18, '110.0', '108.0'),
('0940920', '1210', 8, '71.0', '69.0'),
('1000808', '1720', 11, '197.0', '195.0'),
('0900815', '0920', 16, '184.0', '183.0'),
('0930307', '0610', 5, '106.0', '102.0'),
('0900119', '1010', 8, '97.0', '96.0'),
('1000302', '1880', 14, '42.0', '35.0'),
('0990812', '1080', 3, '167.0', '162.0'),
('0910807', '1790', 5, '194.0', '193.0'),
('0931113', '0340', 2, '103.0', '99.0'),
('1000211', '0970', 23, '138.0', '136.0'),
('0900215', '1110', 14, '150.0', '147.0'),
('1010907', '0950', 3, '47.0', '42.0'),
('0930811', '1190', 16, '127.0', '123.0'),
('0970909', '0910', 16, '19.0', '15.0'),
('0971020', '0470', 16, '64.0', '64.0'),
('0970816', '0770', 3, '42.0', '42.0'),
('0991116', '0550', 17, '54.0', '48.0'),
('0960812', '0240', 1, '54.0', '46.0'),
('1010202', '0080', 3, '99.0', '99.0'),
('0911004', '0030', 4, '99.0', '92.0'),
('0930504', '0600', 18, '14.0', '14.0'),
('0900313', '0390', 19, '92.0', '87.0'),
('0960818', '1100', 15, '76.0', '72.0'),
('0921201', '0580', 1, '120.0', '117.0'),
('0961128', '0130', 11, '131.0', '131.0'),
('0950523', '0460', 4, '155.0', '147.0'),
('0900629', '1890', 15, '167.0', '162.0'),
('1001114', '1320', 16, '202.0', '199.0'),
('0950524', '1180', 11, '67.0', '67.0'),
('0970610', '0120', 29, '85.0', '85.0'),
('0990629', '0700', 20, '44.0', '42.0'),
('1000507', '0950', 14, '17.0', '17.0'),
('0970606', '0210', 25, '88.0', '86.0'),
('0910623', '1060', 20, '128.0', '122.0'),
('1000124', '1670', 26, '89.0', '88.0'),
('0910504', '1660', 25, '39.0', '31.0'),
('0910116', '1760', 4, '199.0', '194.0'),
('0930723', '1460', 30, '85.0', '80.0'),
('0940925', '0400', 4, '153.0', '149.0'),
('0970621', '0670', 8, '166.0', '166.0'),
('0970629', '1310', 7, '180.0', '175.0'),
('0941023', '0520', 6, '12.0', '11.0'),
('0920630', '1540', 17, '72.0', '71.0'),
('1010727', '0840', 15, '195.0', '195.0'),
('0990201', '0470', 18, '24.0', '24.0'),
('0990523', '0930', 18, '78.0', '75.0'),
('1011117', '0330', 7, '86.0', '82.0'),
('1010622', '0560', 30, '210.0', '206.0'),
('0950215', '0600', 15, '153.0', '147.0'),
('0981224', '0250', 2, '80.0', '78.0'),
('0960218', '1900', 25, '139.0', '134.0'),
('0941224', '1930', 5, '137.0', '137.0'),
('0970804', '0300', 21, '122.0', '115.0'),
('0970212', '0280', 16, '56.0', '48.0'),
('0941019', '0600', 29, '158.0', '158.0'),
('0910805', '0460', 30, '98.0', '96.0'),
('0930113', '1750', 10, '132.0', '125.0'),
('0900124', '0800', 13, '63.0', '58.0'),
('1010223', '0180', 27, '172.0', '166.0'),
('0910308', '1160', 12, '78.0', '74.0'),
('0930320', '1880', 18, '97.0', '97.0'),
('0911102', '0560', 6, '53.0', '51.0'),
('0950311', '0250', 25, '198.0', '198.0'),
('0980108', '1220', 8, '156.0', '152.0'),
('0970204', '0820', 17, '104.0', '103.0'),
('0941206', '0060', 27, '38.0', '34.0'),
('0910105', '1660', 17, '112.0', '111.0'),
('0950826', '0410', 6, '114.0', '113.0'),
('0910623', '1750', 6, '151.0', '146.0'),
('0900630', '1140', 25, '107.0', '100.0'),
('0900502', '1210', 3, '192.0', '187.0'),
('0920107', '1710', 14, '137.0', '131.0'),
('0980410', '1010', 16, '19.0', '15.0'),
('0900713', '1510', 16, '135.0', '127.0'),
('0960923', '1500', 10, '177.0', '173.0'),
('0900720', '0930', 14, '133.0', '133.0'),
('0900221', '0280', 11, '159.0', '158.0'),
('0921216', '1210', 25, '32.0', '27.0'),
('0950724', '0920', 14, '52.0', '51.0'),
('0970523', '1550', 1, '181.0', '181.0'),
('0990215', '0890', 23, '181.0', '176.0'),
('0991206', '0950', 22, '102.0', '94.0'),
('0920501', '1010', 27, '20.0', '20.0'),
('0911020', '0720', 28, '189.0', '187.0'),
('0940404', '0150', 24, '173.0', '165.0'),
('0981117', '1180', 11, '199.0', '197.0'),
('0980428', '1040', 30, '21.0', '18.0'),
('1000121', '1150', 1, '96.0', '95.0'),
('0990520', '0850', 5, '126.0', '123.0'),
('0990928', '0350', 17, '134.0', '126.0'),
('0940527', '1080', 8, '156.0', '153.0'),
('0930230', '1530', 8, '208.0', '204.0'),
('0931204', '0070', 14, '108.0', '100.0'),
('0940406', '1330', 29, '40.0', '33.0'),
('0931024', '0520', 9, '110.0', '104.0'),
('0920218', '1800', 1, '20.0', '15.0'),
('0991211', '0620', 12, '88.0', '83.0'),
('0921107', '1670', 12, '42.0', '42.0'),
('1010628', '0250', 6, '78.0', '75.0'),
('1000414', '1620', 8, '62.0', '57.0'),
('0900901', '0390', 11, '115.0', '111.0'),
('0980407', '1850', 7, '94.0', '93.0'),
('0970103', '1720', 20, '31.0', '27.0'),
('0900120', '1110', 26, '125.0', '123.0'),
('0980928', '0260', 28, '207.0', '206.0'),
('1000817', '0010', 25, '110.0', '109.0'),
('1000423', '0980', 21, '106.0', '106.0'),
('1010630', '0590', 3, '40.0', '33.0'),
('0980729', '0090', 1, '30.0', '25.0'),
('0950107', '1620', 30, '206.0', '205.0'),
('1001019', '0540', 4, '109.0', '109.0'),
('0990902', '1080', 1, '69.0', '66.0'),
('1011206', '0940', 22, '63.0', '61.0'),
('0930308', '0510', 15, '174.0', '172.0'),
('0990325', '0710', 15, '118.0', '118.0'),
('1001015', '0920', 22, '157.0', '151.0'),
('0950324', '1830', 24, '198.0', '196.0'),
('1011209', '1330', 4, '162.0', '162.0'),
('0980303', '0060', 14, '152.0', '146.0'),
('0930419', '0950', 28, '80.0', '75.0'),
('0910111', '1050', 6, '118.0', '118.0'),
('0971022', '0370', 18, '45.0', '38.0'),
('0930730', '0030', 12, '182.0', '182.0'),
('0930507', '0270', 14, '144.0', '139.0'),
('0941024', '0010', 3, '194.0', '186.0'),
('0960410', '1490', 26, '131.0', '131.0'),
('1000927', '0980', 10, '136.0', '130.0'),
('0981130', '0420', 30, '121.0', '121.0'),
('0910803', '0660', 15, '57.0', '55.0'),
('0990223', '0310', 8, '84.0', '79.0'),
('1001015', '1690', 18, '130.0', '123.0'),
('0961215', '0480', 13, '44.0', '40.0'),
('0990305', '1520', 24, '187.0', '187.0'),
('0950819', '0850', 6, '46.0', '46.0'),
('0900521', '0020', 25, '133.0', '133.0'),
('0930517', '0130', 25, '49.0', '43.0'),
('0920821', '0370', 19, '188.0', '182.0'),
('0961208', '1470', 21, '120.0', '112.0'),
('0910602', '0530', 30, '17.0', '17.0'),
('0940707', '1750', 23, '54.0', '54.0'),
('0980401', '1580', 20, '82.0', '79.0'),
('0980313', '0960', 16, '118.0', '111.0'),
('0940505', '1830', 20, '166.0', '166.0'),
('0921006', '1240', 7, '25.0', '22.0'),
('0930616', '1280', 14, '129.0', '126.0'),
('0970523', '1350', 3, '134.0', '126.0'),
('0910721', '0760', 6, '114.0', '111.0'),
('1000619', '0240', 23, '192.0', '188.0'),
('0990703', '1680', 24, '118.0', '117.0'),
('0941115', '1540', 15, '71.0', '70.0'),
('0950809', '1840', 5, '163.0', '162.0'),
('0991108', '1060', 20, '48.0', '41.0'),
('0951020', '0580', 1, '122.0', '117.0'),
('0990107', '0850', 11, '38.0', '38.0'),
('0941225', '1300', 16, '111.0', '109.0'),
('0910128', '1620', 16, '73.0', '70.0'),
('0960614', '0740', 23, '105.0', '98.0'),
('0930823', '1440', 4, '201.0', '200.0'),
('0991109', '1080', 25, '95.0', '88.0'),
('0950629', '0700', 1, '136.0', '129.0'),
('0980609', '0660', 27, '92.0', '89.0'),
('0970303', '1490', 18, '57.0', '55.0'),
('0911110', '0520', 18, '87.0', '84.0'),
('0970813', '0550', 8, '135.0', '132.0'),
('0911207', '1010', 26, '206.0', '203.0'),
('0990919', '1770', 23, '166.0', '166.0'),
('0921129', '0030', 13, '168.0', '160.0'),
('1010811', '0360', 25, '195.0', '195.0'),
('0900502', '1330', 16, '168.0', '164.0'),
('0941030', '0790', 16, '195.0', '194.0'),
('0940309', '1700', 1, '208.0', '208.0'),
('0931220', '1220', 25, '126.0', '123.0'),
('0971227', '1070', 9, '80.0', '80.0'),
('0980930', '0030', 26, '144.0', '143.0'),
('0910602', '0890', 25, '171.0', '168.0'),
('0980507', '0830', 21, '109.0', '109.0'),
('0910616', '1660', 2, '169.0', '167.0'),
('0900819', '1050', 15, '31.0', '31.0'),
('0980409', '0210', 2, '161.0', '156.0'),
('1000227', '1330', 28, '59.0', '55.0'),
('0961110', '1320', 28, '32.0', '24.0'),
('0991126', '0900', 4, '63.0', '55.0'),
('1010111', '0300', 10, '50.0', '42.0'),
('0960526', '1680', 8, '56.0', '54.0'),
('1000413', '0370', 22, '198.0', '197.0'),
('0940527', '1100', 13, '171.0', '169.0'),
('0930817', '1930', 1, '104.0', '104.0'),
('0960218', '1510', 4, '73.0', '66.0'),
('0940903', '1740', 14, '62.0', '56.0'),
('0930625', '0680', 28, '163.0', '156.0'),
('0981019', '0780', 2, '80.0', '72.0'),
('0981228', '0420', 2, '75.0', '71.0'),
('0910414', '1530', 10, '144.0', '140.0'),
('0910820', '0920', 20, '65.0', '62.0'),
('0961016', '0080', 9, '135.0', '127.0'),
('0920125', '0220', 26, '95.0', '90.0'),
('0921117', '0800', 21, '83.0', '75.0'),
('0940114', '0360', 21, '171.0', '164.0'),
('0900707', '0230', 13, '77.0', '71.0'),
('0900223', '1160', 22, '155.0', '155.0'),
('0970403', '1160', 25, '210.0', '208.0'),
('0910323', '0290', 26, '74.0', '74.0'),
('1000118', '0780', 27, '38.0', '38.0'),
('1000122', '0860', 12, '13.0', '10.0'),
('0910225', '0790', 20, '86.0', '78.0'),
('0980305', '1740', 9, '47.0', '41.0'),
('0981101', '0720', 10, '93.0', '90.0'),
('0921110', '0070', 3, '198.0', '191.0'),
('1000406', '1760', 9, '151.0', '146.0'),
('1000510', '1530', 18, '116.0', '108.0'),
('0981223', '0080', 10, '135.0', '127.0'),
('1001121', '0650', 20, '165.0', '161.0'),
('0940414', '0590', 29, '28.0', '21.0'),
('0900323', '1470', 25, '195.0', '193.0'),
('0921209', '0760', 26, '186.0', '186.0'),
('0940908', '0740', 1, '147.0', '146.0'),
('0991211', '1570', 17, '60.0', '53.0'),
('0910115', '0190', 5, '69.0', '65.0'),
('0940906', '0210', 3, '23.0', '19.0'),
('0950403', '0580', 20, '184.0', '182.0'),
('1000611', '0800', 12, '159.0', '159.0'),
('0940617', '1210', 2, '34.0', '28.0'),
('0940602', '1860', 1, '87.0', '81.0'),
('0930530', '0450', 17, '207.0', '199.0'),
('0971011', '1830', 27, '136.0', '136.0'),
('0950430', '0310', 16, '190.0', '185.0'),
('0910103', '1330', 1, '188.0', '188.0'),
('0981025', '0670', 1, '142.0', '142.0'),
('0920704', '0280', 22, '204.0', '198.0'),
('0980314', '1200', 26, '130.0', '129.0'),
('0961115', '1360', 26, '55.0', '51.0'),
('0990805', '1190', 24, '207.0', '207.0'),
('0910103', '0790', 3, '59.0', '52.0'),
('1011116', '0240', 22, '159.0', '156.0'),
('1010824', '1260', 26, '58.0', '58.0'),
('0960119', '1480', 25, '34.0', '34.0'),
('0900708', '1570', 11, '99.0', '93.0'),
('0960304', '1300', 8, '115.0', '112.0'),
('0931129', '1040', 26, '161.0', '158.0'),
('0990228', '0040', 21, '20.0', '17.0'),
('0931126', '0890', 26, '31.0', '24.0'),
('0941128', '1090', 6, '200.0', '197.0'),
('0910911', '1450', 17, '17.0', '13.0'),
('1010410', '1640', 16, '205.0', '199.0'),
('0910112', '0100', 17, '175.0', '171.0'),
('0971118', '0730', 10, '129.0', '129.0'),
('0980220', '1030', 8, '71.0', '68.0'),
('0980921', '0630', 13, '26.0', '26.0'),
('0940906', '1870', 10, '33.0', '32.0'),
('0940925', '1660', 13, '129.0', '126.0'),
('1010920', '0960', 25, '125.0', '120.0'),
('0970808', '0640', 2, '192.0', '192.0'),
('0960116', '0370', 23, '79.0', '79.0'),
('0980722', '0110', 15, '119.0', '113.0'),
('0921120', '1660', 29, '208.0', '202.0'),
('0960821', '0110', 8, '102.0', '99.0'),
('0991130', '0490', 23, '121.0', '119.0'),
('0991222', '1350', 3, '64.0', '56.0'),
('1000601', '0250', 12, '151.0', '149.0'),
('0930906', '0510', 30, '190.0', '190.0'),
('0920721', '1230', 13, '80.0', '80.0'),
('0930129', '0310', 28, '144.0', '139.0'),
('0990915', '1740', 16, '178.0', '173.0'),
('1010217', '0380', 12, '210.0', '207.0'),
('0980612', '1910', 26, '183.0', '182.0'),
('1000124', '1560', 14, '102.0', '94.0'),
('0960629', '1400', 19, '103.0', '99.0'),
('1010314', '1160', 4, '146.0', '139.0'),
('1011115', '0820', 23, '124.0', '124.0'),
('0950204', '1070', 26, '137.0', '133.0'),
('0920515', '0330', 7, '113.0', '110.0'),
('0930116', '1890', 18, '67.0', '66.0'),
('1010807', '0640', 16, '154.0', '147.0'),
('0900530', '0430', 2, '78.0', '78.0'),
('0980907', '1370', 29, '150.0', '150.0'),
('0911129', '0380', 14, '150.0', '145.0'),
('0950405', '1180', 12, '141.0', '139.0'),
('1000624', '0950', 17, '152.0', '145.0'),
('0901213', '1840', 5, '78.0', '70.0'),
('0930123', '1230', 20, '163.0', '158.0'),
('0901207', '0100', 8, '39.0', '33.0'),
('0910719', '0380', 22, '188.0', '180.0'),
('1010512', '1420', 27, '84.0', '82.0'),
('1000308', '0290', 9, '110.0', '107.0'),
('0900919', '1400', 2, '87.0', '79.0'),
('0941023', '1210', 9, '68.0', '62.0'),
('0910221', '1530', 8, '180.0', '172.0'),
('0970218', '1310', 8, '65.0', '58.0'),
('0920417', '1410', 24, '106.0', '100.0'),
('0930122', '0310', 21, '210.0', '203.0'),
('1010722', '1010', 10, '27.0', '26.0'),
('0911008', '0990', 1, '203.0', '203.0'),
('1011202', '0130', 11, '31.0', '24.0'),
('0970213', '0710', 8, '113.0', '108.0'),
('0961206', '0790', 27, '164.0', '164.0'),
('0901017', '0290', 27, '86.0', '83.0'),
('0910414', '0990', 1, '88.0', '82.0'),
('0950730', '1400', 11, '204.0', '199.0'),
('0980921', '1550', 27, '17.0', '12.0'),
('0911026', '1620', 17, '191.0', '191.0'),
('0980408', '0020', 10, '58.0', '55.0'),
('0910802', '1520', 11, '136.0', '131.0'),
('0950112', '1630', 7, '146.0', '140.0'),
('0900929', '0430', 1, '150.0', '149.0'),
('0960825', '1130', 13, '97.0', '91.0'),
('0931025', '0810', 4, '191.0', '187.0'),
('0941102', '0030', 14, '85.0', '82.0'),
('0990919', '0480', 8, '97.0', '89.0'),
('0930605', '0130', 10, '21.0', '21.0'),
('0901223', '1200', 27, '191.0', '191.0'),
('1000325', '0600', 12, '29.0', '28.0'),
('0980614', '0270', 18, '59.0', '53.0'),
('1000408', '1160', 25, '23.0', '23.0'),
('1000708', '0510', 15, '189.0', '189.0'),
('1000910', '0590', 2, '174.0', '168.0'),
('0930528', '1080', 28, '180.0', '178.0'),
('0980610', '0520', 16, '183.0', '178.0'),
('0911004', '1260', 15, '33.0', '31.0'),
('1000509', '1510', 17, '200.0', '196.0'),
('0980513', '1030', 22, '188.0', '184.0'),
('0980404', '1750', 16, '110.0', '108.0'),
('0940108', '1270', 23, '199.0', '195.0'),
('0970818', '1530', 7, '81.0', '76.0'),
('0960120', '0940', 29, '163.0', '162.0'),
('0941216', '1670', 23, '106.0', '106.0'),
('0940208', '0500', 4, '190.0', '187.0'),
('0940605', '1780', 7, '51.0', '51.0'),
('0940524', '0080', 22, '122.0', '116.0'),
('0910921', '0530', 16, '118.0', '112.0'),
('0931118', '1490', 21, '19.0', '11.0'),
('0981229', '1050', 26, '158.0', '158.0'),
('1000617', '0450', 14, '44.0', '43.0'),
('0940811', '1630', 26, '27.0', '20.0'),
('0980222', '1900', 29, '168.0', '163.0'),
('0900328', '0120', 8, '48.0', '48.0'),
('0930714', '1870', 16, '90.0', '86.0'),
('1000815', '1670', 23, '54.0', '46.0'),
('0910211', '0270', 6, '75.0', '71.0'),
('0910326', '1020', 20, '24.0', '22.0'),
('0970210', '0900', 25, '153.0', '146.0'),
('0970426', '0940', 3, '36.0', '36.0'),
('0931023', '1450', 4, '112.0', '107.0'),
('0930315', '1250', 20, '18.0', '12.0'),
('0910519', '1660', 24, '188.0', '185.0'),
('0900413', '0540', 16, '32.0', '29.0'),
('0950214', '0410', 18, '70.0', '64.0'),
('0940829', '1810', 8, '31.0', '26.0'),
('0941008', '0750', 27, '210.0', '205.0'),
('0940311', '0030', 16, '146.0', '144.0'),
('0920416', '0130', 11, '105.0', '104.0'),
('0900128', '0850', 24, '166.0', '163.0'),
('0910830', '1060', 25, '126.0', '126.0'),
('0940530', '0130', 19, '186.0', '186.0'),
('0960626', '1620', 7, '163.0', '163.0'),
('0901012', '1440', 2, '149.0', '149.0'),
('0900406', '0500', 10, '157.0', '156.0'),
('0900824', '1380', 11, '123.0', '118.0'),
('0970323', '0500', 20, '179.0', '174.0'),
('0950707', '1180', 20, '82.0', '82.0'),
('1010120', '0460', 6, '174.0', '173.0'),
('0960823', '0730', 25, '193.0', '192.0'),
('0950815', '0420', 23, '77.0', '76.0'),
('0990316', '1830', 28, '66.0', '59.0'),
('0900614', '1330', 28, '116.0', '114.0'),
('0970905', '0800', 23, '76.0', '71.0'),
('0981219', '0430', 11, '72.0', '64.0'),
('0930311', '1580', 19, '104.0', '96.0'),
('0990713', '0770', 15, '82.0', '75.0'),
('0900517', '1260', 7, '76.0', '69.0'),
('0990113', '0050', 2, '136.0', '136.0'),
('0920409', '1210', 23, '125.0', '125.0'),
('1010512', '0300', 11, '64.0', '64.0'),
('0980820', '0760', 19, '192.0', '188.0'),
('1010510', '0540', 3, '135.0', '132.0'),
('0930329', '0700', 9, '165.0', '159.0'),
('0991209', '1930', 25, '16.0', '8.0'),
('0970422', '0210', 3, '195.0', '192.0'),
('0960221', '1150', 21, '193.0', '191.0'),
('0901024', '0400', 8, '123.0', '120.0'),
('0941107', '0750', 27, '86.0', '83.0'),
('1000908', '1610', 9, '166.0', '162.0'),
('0920125', '1220', 4, '99.0', '99.0'),
('1011010', '1600', 26, '144.0', '138.0'),
('0951101', '0060', 19, '12.0', '9.0'),
('0960728', '0590', 21, '128.0', '123.0'),
('0950221', '0750', 16, '27.0', '24.0'),
('0990709', '0110', 1, '162.0', '159.0'),
('0980121', '1150', 3, '208.0', '205.0'),
('1000522', '0070', 9, '71.0', '64.0'),
('1000324', '0950', 23, '58.0', '52.0'),
('1010109', '0540', 15, '75.0', '73.0');
INSERT INTO `salegd` (`saledate`, `gdno`, `saleqty`, `saleprice`, `inprice`) VALUES
('0950126', '1220', 20, '173.0', '173.0'),
('0970219', '1190', 20, '149.0', '147.0'),
('0960629', '0210', 11, '59.0', '54.0'),
('1001014', '0710', 10, '120.0', '115.0'),
('0971030', '0190', 9, '208.0', '204.0'),
('0920524', '0990', 23, '78.0', '74.0'),
('0920329', '0780', 30, '115.0', '111.0'),
('0991204', '0070', 16, '66.0', '61.0'),
('0991007', '1560', 18, '208.0', '200.0'),
('0920701', '1440', 12, '90.0', '87.0'),
('0900226', '0140', 7, '58.0', '57.0'),
('0970709', '0180', 8, '179.0', '174.0'),
('0930802', '0650', 29, '123.0', '123.0'),
('0990122', '0810', 28, '206.0', '201.0'),
('1010803', '1510', 16, '170.0', '167.0'),
('0900130', '1900', 21, '128.0', '125.0'),
('0940209', '0110', 29, '172.0', '172.0'),
('0960202', '0910', 26, '45.0', '41.0'),
('0951006', '0340', 4, '186.0', '186.0'),
('0900118', '1810', 18, '119.0', '117.0'),
('0980506', '0240', 23, '63.0', '57.0'),
('0940429', '0270', 20, '136.0', '135.0'),
('0940806', '0930', 11, '91.0', '88.0'),
('0900427', '0600', 20, '200.0', '200.0'),
('0990124', '0470', 11, '160.0', '158.0'),
('0901030', '0230', 26, '208.0', '205.0'),
('1000118', '1610', 4, '70.0', '66.0'),
('0911226', '0810', 27, '112.0', '112.0'),
('0990724', '0090', 25, '39.0', '34.0'),
('1000726', '1890', 10, '75.0', '74.0'),
('0940213', '1300', 9, '25.0', '23.0'),
('0950719', '1090', 3, '80.0', '77.0'),
('0990625', '1660', 2, '29.0', '29.0'),
('0900713', '0450', 12, '54.0', '52.0'),
('1010506', '1060', 4, '180.0', '179.0'),
('0950605', '0150', 21, '210.0', '208.0'),
('0990111', '0270', 28, '172.0', '167.0'),
('0911011', '1680', 16, '88.0', '88.0'),
('0930326', '0020', 5, '50.0', '48.0'),
('0991109', '1580', 6, '147.0', '144.0'),
('0960119', '0750', 27, '163.0', '156.0'),
('1011010', '0020', 7, '46.0', '41.0'),
('0960816', '0440', 8, '20.0', '20.0'),
('0980702', '0360', 3, '22.0', '22.0'),
('0941021', '0910', 25, '114.0', '113.0'),
('0960112', '1310', 5, '56.0', '49.0'),
('0981202', '0560', 23, '45.0', '45.0'),
('0990705', '1310', 22, '16.0', '15.0'),
('0960110', '0880', 23, '43.0', '39.0'),
('1000711', '0910', 22, '25.0', '20.0'),
('1000415', '1600', 20, '195.0', '194.0'),
('0911011', '0310', 10, '42.0', '42.0'),
('0960630', '0950', 28, '205.0', '198.0'),
('1010825', '1540', 24, '183.0', '180.0'),
('0900124', '0020', 3, '185.0', '179.0'),
('0910409', '0550', 9, '120.0', '114.0'),
('0970925', '1520', 26, '197.0', '190.0'),
('0981021', '1450', 17, '178.0', '172.0'),
('0970319', '1500', 2, '196.0', '193.0'),
('0960811', '1260', 29, '129.0', '126.0'),
('0960120', '0010', 13, '17.0', '12.0'),
('0980807', '0910', 18, '177.0', '170.0'),
('0950207', '1090', 8, '43.0', '40.0'),
('0970118', '0430', 28, '93.0', '86.0'),
('0900608', '0930', 26, '22.0', '22.0'),
('0950203', '1080', 12, '36.0', '36.0'),
('1011010', '1300', 30, '185.0', '185.0'),
('0990709', '1030', 29, '143.0', '137.0'),
('0980101', '0170', 12, '93.0', '92.0'),
('0900112', '0390', 19, '161.0', '153.0'),
('0970605', '0150', 29, '117.0', '112.0'),
('0970928', '1810', 9, '71.0', '67.0'),
('0990706', '0690', 13, '96.0', '89.0'),
('0920510', '1520', 25, '183.0', '179.0'),
('0970903', '1930', 6, '43.0', '36.0'),
('0920506', '0890', 23, '147.0', '143.0'),
('0971203', '0110', 1, '41.0', '34.0'),
('0990408', '0030', 5, '106.0', '103.0'),
('0970221', '0140', 24, '136.0', '134.0'),
('0981014', '0370', 26, '131.0', '124.0'),
('0950409', '0210', 27, '183.0', '183.0'),
('0960928', '1880', 25, '204.0', '199.0'),
('0921016', '1040', 28, '110.0', '110.0'),
('1010821', '1690', 11, '140.0', '138.0'),
('0981024', '1470', 19, '167.0', '165.0'),
('0981028', '1500', 22, '110.0', '110.0'),
('0970503', '0160', 26, '133.0', '133.0'),
('0900212', '1180', 15, '115.0', '107.0'),
('0980827', '1400', 3, '72.0', '68.0'),
('0970702', '0930', 28, '88.0', '88.0'),
('0900425', '1850', 10, '146.0', '144.0'),
('0911006', '1650', 8, '128.0', '123.0'),
('0991211', '1320', 5, '113.0', '113.0'),
('1000818', '1440', 9, '137.0', '133.0'),
('0980203', '0530', 4, '145.0', '143.0'),
('0980618', '1660', 16, '143.0', '137.0'),
('1010723', '0070', 27, '173.0', '173.0'),
('0970707', '0980', 2, '37.0', '36.0'),
('0960417', '0100', 1, '136.0', '136.0'),
('0960514', '1720', 16, '86.0', '80.0'),
('0901202', '0150', 1, '160.0', '152.0'),
('0920210', '1760', 24, '119.0', '112.0'),
('0941202', '0720', 10, '92.0', '84.0'),
('0930929', '0210', 5, '197.0', '191.0'),
('0970728', '0590', 23, '19.0', '17.0'),
('0940318', '0710', 25, '44.0', '39.0'),
('1000404', '0270', 13, '158.0', '157.0'),
('0980329', '1770', 28, '58.0', '57.0'),
('0971024', '0830', 20, '190.0', '185.0'),
('1000230', '0430', 1, '64.0', '64.0'),
('0970316', '0920', 4, '187.0', '180.0'),
('1000506', '1520', 1, '64.0', '64.0'),
('1000318', '1290', 3, '98.0', '96.0'),
('0990615', '1020', 17, '105.0', '102.0'),
('0911211', '0430', 24, '137.0', '137.0'),
('0980824', '0820', 14, '68.0', '68.0'),
('0990917', '1030', 15, '124.0', '124.0'),
('0931127', '1700', 26, '59.0', '56.0'),
('0920112', '0220', 22, '133.0', '131.0'),
('1000529', '0510', 7, '152.0', '146.0'),
('0911021', '1020', 3, '53.0', '47.0'),
('0990412', '0160', 24, '194.0', '188.0'),
('0940325', '1920', 12, '82.0', '75.0'),
('0901011', '1920', 20, '155.0', '155.0'),
('0921124', '0540', 22, '125.0', '124.0'),
('0980325', '1690', 28, '148.0', '148.0'),
('1000402', '1530', 5, '58.0', '54.0'),
('0970113', '0490', 12, '169.0', '162.0'),
('0950728', '0160', 30, '147.0', '146.0'),
('0900318', '0660', 14, '203.0', '199.0'),
('0930127', '1480', 14, '194.0', '189.0'),
('0900219', '0720', 29, '77.0', '77.0'),
('0930505', '1860', 17, '123.0', '117.0'),
('0970629', '0590', 27, '41.0', '33.0'),
('0930302', '0790', 29, '107.0', '100.0'),
('1010923', '1490', 19, '54.0', '52.0'),
('0940722', '1640', 14, '183.0', '175.0'),
('0910401', '1690', 8, '151.0', '146.0'),
('0911222', '1430', 2, '175.0', '172.0'),
('0960226', '1930', 15, '140.0', '136.0'),
('0950320', '1200', 6, '95.0', '88.0'),
('0960520', '1310', 4, '52.0', '47.0'),
('0950606', '0690', 11, '45.0', '40.0'),
('0970117', '1620', 8, '206.0', '200.0'),
('0990925', '0030', 16, '82.0', '76.0'),
('0930105', '0720', 15, '38.0', '35.0'),
('0921205', '0770', 24, '152.0', '144.0'),
('0901223', '1730', 6, '149.0', '146.0'),
('1000916', '0710', 8, '140.0', '133.0'),
('0960609', '0120', 16, '79.0', '71.0'),
('0900207', '0750', 8, '84.0', '82.0'),
('0950919', '0080', 9, '12.0', '9.0'),
('0940722', '1400', 1, '51.0', '48.0'),
('0980615', '0660', 13, '105.0', '103.0'),
('0990522', '1060', 18, '190.0', '189.0'),
('0901002', '0060', 3, '45.0', '41.0'),
('0930507', '0370', 15, '200.0', '193.0'),
('0961111', '1130', 25, '161.0', '156.0'),
('0921026', '0850', 20, '152.0', '152.0'),
('0900614', '1060', 20, '187.0', '180.0'),
('0900613', '1550', 25, '35.0', '35.0'),
('0910616', '1710', 13, '150.0', '144.0'),
('0970107', '0830', 15, '103.0', '101.0'),
('0931204', '1310', 22, '29.0', '27.0'),
('0920522', '0390', 19, '166.0', '162.0'),
('0920929', '1760', 17, '69.0', '63.0'),
('1000812', '1790', 8, '155.0', '152.0'),
('0921024', '1060', 14, '184.0', '178.0'),
('0900929', '1890', 21, '145.0', '140.0'),
('0950222', '1880', 24, '105.0', '97.0'),
('0910809', '0960', 13, '17.0', '17.0'),
('0910101', '0200', 12, '153.0', '153.0'),
('1010113', '1730', 13, '141.0', '136.0'),
('1000904', '0030', 2, '188.0', '183.0'),
('0950613', '1700', 10, '185.0', '184.0'),
('0930819', '1660', 25, '60.0', '58.0'),
('1010718', '1810', 6, '150.0', '143.0'),
('0950504', '0980', 15, '80.0', '74.0'),
('0930122', '1020', 28, '198.0', '195.0'),
('0961014', '1760', 25, '78.0', '72.0'),
('0980215', '0610', 3, '48.0', '47.0'),
('0950826', '1870', 18, '147.0', '143.0'),
('0981023', '0680', 21, '25.0', '25.0'),
('0960814', '0720', 30, '44.0', '39.0'),
('0980311', '1760', 7, '192.0', '184.0'),
('0970421', '0720', 14, '113.0', '108.0'),
('0900102', '0780', 23, '16.0', '14.0'),
('0930313', '1880', 18, '141.0', '139.0'),
('0911105', '0260', 26, '200.0', '198.0'),
('0940808', '1120', 10, '36.0', '32.0'),
('0910828', '0290', 6, '73.0', '69.0'),
('0910710', '0280', 20, '47.0', '46.0'),
('0900607', '0670', 30, '105.0', '99.0'),
('0981228', '0020', 15, '42.0', '36.0'),
('1010721', '0250', 27, '103.0', '97.0'),
('0950728', '1180', 25, '48.0', '45.0'),
('0921213', '0070', 2, '122.0', '122.0'),
('0970427', '0830', 2, '81.0', '75.0'),
('0950206', '0080', 17, '134.0', '131.0'),
('0930927', '0240', 3, '182.0', '180.0'),
('0970713', '1450', 12, '108.0', '103.0'),
('0941205', '0530', 27, '98.0', '92.0'),
('0920201', '0700', 22, '95.0', '93.0'),
('1011023', '0380', 3, '66.0', '63.0'),
('0940423', '0940', 9, '21.0', '19.0'),
('0970901', '1800', 1, '81.0', '81.0'),
('0940924', '1680', 9, '190.0', '184.0'),
('0980420', '1380', 30, '133.0', '129.0'),
('0960410', '0720', 20, '22.0', '15.0'),
('0980515', '1840', 14, '207.0', '201.0'),
('0920629', '1860', 2, '127.0', '127.0'),
('0910520', '1030', 5, '207.0', '206.0'),
('1010219', '0360', 24, '117.0', '111.0'),
('0951024', '1490', 12, '209.0', '202.0'),
('0940119', '1060', 8, '86.0', '82.0'),
('0990917', '1850', 18, '54.0', '49.0'),
('0900224', '0810', 25, '173.0', '169.0'),
('0910922', '0730', 10, '77.0', '77.0'),
('0901226', '1870', 30, '127.0', '126.0'),
('1011025', '1810', 7, '183.0', '182.0'),
('0960311', '0240', 22, '157.0', '157.0'),
('0980210', '1590', 15, '173.0', '167.0'),
('0970116', '0660', 20, '86.0', '85.0'),
('0980422', '1100', 30, '23.0', '23.0'),
('0960424', '0600', 21, '67.0', '60.0'),
('0910405', '1630', 16, '79.0', '76.0'),
('0910904', '1070', 24, '87.0', '86.0'),
('0961012', '0610', 21, '22.0', '17.0'),
('1001026', '1440', 15, '18.0', '14.0'),
('0920922', '1170', 28, '176.0', '171.0'),
('0921207', '0020', 21, '52.0', '48.0'),
('0910402', '0460', 12, '58.0', '52.0'),
('0900522', '1050', 11, '50.0', '43.0'),
('0960927', '0940', 1, '184.0', '183.0'),
('1010402', '0420', 10, '86.0', '82.0'),
('1011108', '0740', 9, '97.0', '92.0'),
('0900215', '1120', 20, '163.0', '160.0'),
('0901008', '1500', 29, '121.0', '115.0'),
('0910629', '1100', 3, '119.0', '114.0'),
('1010719', '0940', 12, '120.0', '120.0'),
('0910202', '1290', 24, '46.0', '42.0'),
('0970119', '0710', 13, '190.0', '190.0'),
('0960330', '1850', 2, '178.0', '177.0'),
('0900319', '1640', 19, '195.0', '190.0'),
('0930709', '0900', 29, '15.0', '7.0'),
('0980128', '1610', 29, '108.0', '101.0'),
('0930721', '1290', 18, '73.0', '67.0'),
('1010729', '0060', 19, '96.0', '88.0'),
('0950611', '1310', 9, '156.0', '151.0'),
('0991208', '1770', 2, '115.0', '111.0'),
('0950313', '1290', 28, '37.0', '30.0'),
('0910423', '1500', 9, '95.0', '87.0'),
('0900501', '0190', 3, '200.0', '197.0'),
('0940712', '0280', 29, '122.0', '120.0'),
('1010118', '1490', 24, '119.0', '119.0'),
('0910308', '1000', 7, '203.0', '203.0'),
('0911202', '0240', 15, '163.0', '159.0'),
('0910828', '0360', 18, '176.0', '176.0'),
('1010228', '0570', 29, '205.0', '201.0'),
('0990725', '1380', 2, '14.0', '11.0'),
('0960525', '0450', 15, '33.0', '26.0'),
('0980606', '1340', 27, '140.0', '138.0'),
('0961209', '0340', 19, '195.0', '187.0'),
('0951117', '0440', 27, '179.0', '179.0'),
('1010209', '0760', 14, '156.0', '153.0'),
('0931024', '0190', 15, '209.0', '206.0'),
('0960711', '1350', 13, '76.0', '69.0'),
('0970214', '0050', 26, '16.0', '12.0'),
('0921218', '1930', 22, '201.0', '201.0'),
('0931118', '1450', 22, '29.0', '26.0'),
('0931016', '0350', 5, '20.0', '20.0'),
('0910604', '0640', 12, '207.0', '207.0'),
('0900705', '0740', 11, '123.0', '119.0'),
('0920404', '0850', 11, '204.0', '200.0'),
('0910820', '1080', 1, '35.0', '35.0'),
('0990719', '0740', 27, '123.0', '119.0'),
('0911121', '1010', 25, '80.0', '72.0'),
('0950215', '0170', 28, '140.0', '136.0'),
('0990920', '0440', 10, '193.0', '193.0'),
('0911013', '0480', 30, '161.0', '154.0'),
('1000305', '0310', 7, '17.0', '16.0'),
('0980305', '1230', 18, '125.0', '118.0'),
('0951106', '0870', 19, '72.0', '72.0'),
('1000422', '1710', 22, '188.0', '188.0'),
('0940409', '1500', 23, '89.0', '88.0'),
('0991027', '0290', 4, '123.0', '121.0'),
('1000717', '1710', 10, '174.0', '171.0'),
('1010315', '1170', 19, '141.0', '139.0'),
('0971009', '1460', 5, '185.0', '180.0'),
('1000614', '0280', 21, '192.0', '184.0'),
('0970716', '0570', 17, '13.0', '13.0'),
('1010103', '1050', 26, '197.0', '190.0'),
('0940423', '1790', 21, '98.0', '96.0'),
('0910113', '1570', 15, '107.0', '101.0'),
('0970901', '0360', 6, '36.0', '36.0'),
('0910527', '1310', 27, '29.0', '22.0'),
('0931023', '1410', 1, '78.0', '71.0'),
('0921213', '1850', 1, '205.0', '197.0'),
('1001101', '1130', 19, '114.0', '114.0'),
('1010218', '1800', 18, '147.0', '144.0'),
('0960807', '0610', 13, '134.0', '134.0'),
('0910426', '1400', 15, '22.0', '22.0'),
('1010601', '1430', 28, '103.0', '103.0'),
('0960919', '1390', 11, '29.0', '28.0'),
('0961018', '0160', 30, '26.0', '26.0'),
('0920815', '0700', 6, '36.0', '29.0'),
('0930306', '0740', 13, '177.0', '177.0'),
('0990122', '0610', 30, '45.0', '45.0'),
('0910919', '0020', 26, '154.0', '154.0'),
('0910618', '1610', 22, '211.0', '209.0'),
('1000711', '0180', 29, '51.0', '44.0'),
('1010416', '0520', 30, '53.0', '51.0'),
('1010414', '1300', 27, '150.0', '144.0'),
('0910807', '0830', 14, '60.0', '55.0'),
('0950607', '0550', 11, '33.0', '30.0'),
('0930609', '0320', 16, '97.0', '89.0'),
('0930417', '0650', 26, '51.0', '49.0'),
('0930711', '1840', 4, '92.0', '90.0'),
('0940326', '1200', 29, '148.0', '142.0'),
('0911125', '0030', 15, '28.0', '28.0'),
('0921130', '0630', 7, '68.0', '62.0'),
('0910817', '0290', 5, '103.0', '101.0'),
('0931025', '0010', 21, '62.0', '62.0'),
('0921109', '1200', 4, '173.0', '166.0'),
('0960901', '0640', 10, '162.0', '161.0'),
('0930808', '0920', 21, '115.0', '113.0'),
('0920121', '0900', 29, '163.0', '158.0'),
('1000320', '0520', 21, '112.0', '110.0'),
('0950916', '1650', 2, '24.0', '22.0'),
('0900304', '1520', 8, '30.0', '24.0'),
('0941017', '0780', 10, '107.0', '103.0'),
('1010511', '0500', 23, '173.0', '167.0'),
('0910709', '0030', 6, '89.0', '85.0'),
('0960219', '1460', 23, '125.0', '122.0'),
('0970419', '1640', 19, '142.0', '138.0'),
('0900130', '1480', 4, '171.0', '171.0'),
('0971121', '1020', 3, '211.0', '203.0'),
('0940312', '1170', 8, '39.0', '31.0'),
('0981016', '1660', 10, '14.0', '11.0'),
('0951226', '0420', 18, '146.0', '146.0'),
('0950201', '0810', 20, '192.0', '190.0'),
('0901205', '1670', 7, '52.0', '45.0'),
('1010311', '0360', 10, '144.0', '141.0'),
('0980714', '1720', 27, '96.0', '88.0'),
('0980225', '1170', 14, '105.0', '99.0'),
('0930407', '1580', 17, '38.0', '37.0'),
('0960608', '1910', 22, '20.0', '17.0'),
('0900828', '1510', 19, '91.0', '87.0'),
('0900720', '1370', 29, '211.0', '207.0'),
('0971023', '1400', 12, '57.0', '56.0'),
('0930407', '0270', 1, '66.0', '64.0'),
('1010515', '0940', 11, '18.0', '18.0'),
('0910725', '1550', 2, '127.0', '119.0'),
('0940325', '1470', 4, '18.0', '15.0'),
('0930608', '0810', 8, '23.0', '19.0'),
('0920526', '0630', 21, '83.0', '76.0'),
('0980305', '1280', 18, '13.0', '10.0'),
('0950524', '1370', 30, '132.0', '130.0'),
('1010407', '1690', 21, '153.0', '152.0'),
('0980709', '1490', 5, '41.0', '34.0'),
('0920123', '0910', 16, '80.0', '73.0'),
('0991205', '0740', 24, '57.0', '57.0'),
('0920704', '1210', 21, '97.0', '93.0'),
('0930729', '1000', 24, '168.0', '164.0'),
('0950312', '1450', 4, '99.0', '92.0'),
('1010116', '1050', 24, '56.0', '52.0'),
('1011106', '0330', 21, '115.0', '107.0'),
('1010408', '1770', 13, '187.0', '182.0'),
('1011115', '0710', 23, '116.0', '115.0'),
('0910201', '0460', 5, '165.0', '160.0'),
('1010303', '0660', 2, '76.0', '75.0'),
('0900302', '0110', 9, '32.0', '27.0'),
('0951016', '0050', 20, '124.0', '118.0'),
('0940204', '1780', 3, '62.0', '56.0'),
('0970808', '1790', 12, '181.0', '176.0'),
('0950926', '1700', 15, '185.0', '184.0'),
('0930312', '1640', 14, '207.0', '201.0'),
('1010410', '1600', 30, '87.0', '82.0'),
('0910409', '0350', 27, '17.0', '17.0'),
('0970525', '0070', 7, '92.0', '87.0'),
('0900805', '0580', 6, '41.0', '41.0'),
('0900912', '0400', 23, '157.0', '157.0'),
('0960619', '0400', 3, '153.0', '149.0'),
('1000424', '0830', 26, '207.0', '199.0'),
('1010903', '0170', 11, '115.0', '112.0'),
('1000716', '1660', 14, '94.0', '91.0'),
('0970712', '0750', 22, '90.0', '87.0'),
('0900228', '0580', 1, '14.0', '6.0'),
('0940620', '1240', 24, '171.0', '171.0'),
('0990217', '1320', 9, '85.0', '80.0'),
('0941204', '1660', 13, '203.0', '201.0'),
('0970316', '1890', 4, '131.0', '130.0'),
('0980409', '1080', 5, '72.0', '69.0'),
('0921218', '1610', 5, '109.0', '105.0'),
('0911127', '0270', 27, '81.0', '80.0'),
('0990104', '0330', 12, '129.0', '125.0'),
('0960225', '0470', 18, '133.0', '131.0'),
('0920806', '1210', 5, '48.0', '48.0'),
('0990917', '0790', 14, '35.0', '31.0'),
('0900310', '0930', 16, '125.0', '119.0'),
('0940127', '1850', 12, '128.0', '128.0'),
('1010330', '0700', 25, '18.0', '15.0'),
('0990413', '0950', 25, '77.0', '72.0'),
('1011211', '0380', 28, '84.0', '81.0'),
('0960403', '0330', 4, '89.0', '87.0'),
('0981215', '0250', 4, '206.0', '200.0'),
('0980708', '0580', 8, '167.0', '163.0'),
('0941215', '0850', 5, '163.0', '163.0'),
('0960519', '0700', 24, '105.0', '105.0'),
('1011126', '1220', 1, '176.0', '169.0'),
('0960930', '0340', 11, '87.0', '81.0'),
('0940408', '1090', 30, '63.0', '62.0'),
('0960615', '1420', 11, '192.0', '192.0'),
('1000729', '0320', 6, '99.0', '95.0'),
('0980227', '0750', 1, '200.0', '192.0'),
('1010511', '0770', 5, '30.0', '25.0'),
('0940126', '0220', 23, '132.0', '130.0'),
('0951215', '0080', 16, '168.0', '161.0'),
('0961024', '0260', 22, '189.0', '189.0'),
('1000224', '0790', 2, '64.0', '57.0'),
('0930507', '0860', 11, '136.0', '128.0'),
('0960206', '0090', 25, '38.0', '30.0'),
('0900421', '0750', 30, '129.0', '129.0'),
('0900412', '0430', 1, '128.0', '128.0'),
('1000129', '1410', 16, '185.0', '178.0'),
('1010222', '1460', 29, '19.0', '11.0'),
('0980326', '1110', 20, '53.0', '50.0'),
('0990226', '1400', 25, '207.0', '207.0'),
('0941012', '1500', 17, '13.0', '7.0'),
('0950821', '1930', 21, '67.0', '66.0'),
('1000109', '1630', 9, '146.0', '142.0'),
('0900801', '0670', 14, '103.0', '97.0'),
('1000625', '1770', 16, '153.0', '148.0'),
('0930501', '1080', 21, '71.0', '64.0'),
('0980926', '0330', 12, '74.0', '72.0'),
('0910605', '0910', 12, '48.0', '41.0'),
('0961124', '0770', 20, '36.0', '35.0'),
('0921101', '0030', 11, '69.0', '68.0'),
('0971116', '1480', 7, '176.0', '170.0'),
('0970609', '0390', 23, '61.0', '58.0'),
('0970611', '0730', 30, '191.0', '189.0'),
('0910518', '0720', 17, '174.0', '173.0'),
('0960418', '1170', 14, '119.0', '114.0'),
('0981220', '0570', 7, '77.0', '72.0'),
('0900314', '0040', 21, '62.0', '56.0'),
('1010424', '0690', 30, '176.0', '176.0'),
('0960604', '1200', 1, '70.0', '64.0'),
('0980813', '1230', 18, '82.0', '77.0'),
('0970616', '0030', 26, '167.0', '161.0'),
('0980329', '1840', 8, '203.0', '199.0'),
('0900609', '1310', 30, '64.0', '59.0'),
('0950514', '0150', 24, '113.0', '113.0'),
('0950712', '0510', 10, '157.0', '155.0'),
('0980612', '1300', 19, '150.0', '147.0'),
('1000113', '1250', 9, '150.0', '148.0'),
('0990529', '1370', 15, '201.0', '196.0'),
('0950416', '1140', 2, '89.0', '86.0'),
('0950220', '1110', 6, '24.0', '18.0'),
('0960317', '1050', 11, '150.0', '148.0'),
('0940213', '1580', 9, '207.0', '207.0'),
('0911015', '1420', 21, '87.0', '80.0'),
('0930815', '1100', 28, '157.0', '151.0'),
('0980310', '0710', 18, '170.0', '166.0'),
('0940601', '0910', 23, '167.0', '162.0'),
('0920410', '1730', 2, '41.0', '41.0'),
('0951210', '1290', 8, '165.0', '165.0'),
('0900207', '1240', 23, '130.0', '122.0'),
('0960513', '0790', 8, '162.0', '162.0'),
('1001004', '0770', 14, '14.0', '10.0'),
('0990305', '0160', 13, '166.0', '164.0'),
('0911010', '0540', 5, '172.0', '172.0'),
('0900612', '0260', 28, '190.0', '190.0'),
('0970204', '0430', 8, '168.0', '167.0'),
('1010323', '1810', 21, '136.0', '128.0'),
('0930828', '0240', 11, '166.0', '158.0'),
('0980119', '1470', 7, '204.0', '203.0'),
('0991115', '1470', 30, '64.0', '60.0'),
('0911028', '0130', 26, '18.0', '18.0'),
('0970312', '0030', 4, '195.0', '192.0'),
('0950529', '1780', 9, '38.0', '36.0'),
('0990519', '0840', 24, '20.0', '16.0'),
('0920908', '0830', 16, '107.0', '100.0'),
('0950228', '1190', 18, '116.0', '115.0'),
('0990430', '0920', 8, '134.0', '127.0'),
('0940229', '0750', 20, '199.0', '197.0'),
('0960316', '0510', 3, '33.0', '33.0'),
('0921217', '0060', 2, '151.0', '145.0'),
('0961126', '1490', 15, '91.0', '91.0'),
('0981123', '0720', 19, '175.0', '168.0'),
('1001121', '1880', 9, '147.0', '139.0'),
('0910715', '0080', 22, '148.0', '145.0'),
('0960205', '0420', 10, '119.0', '113.0'),
('0960813', '1190', 7, '165.0', '160.0'),
('0960621', '0790', 25, '49.0', '48.0'),
('0991110', '1250', 24, '160.0', '157.0'),
('1000816', '0090', 18, '17.0', '17.0'),
('0960205', '1000', 11, '66.0', '64.0'),
('0901115', '1870', 19, '15.0', '11.0'),
('0931010', '0420', 17, '108.0', '100.0'),
('0941015', '0510', 19, '73.0', '67.0'),
('0930822', '1850', 17, '106.0', '103.0'),
('0921111', '1420', 17, '109.0', '102.0'),
('0920402', '0950', 26, '31.0', '24.0'),
('0951224', '0580', 24, '110.0', '108.0'),
('0930226', '1480', 4, '116.0', '116.0'),
('0960418', '1140', 2, '120.0', '118.0'),
('0940217', '1790', 10, '143.0', '142.0'),
('0910410', '0130', 6, '148.0', '141.0'),
('0940628', '0890', 8, '121.0', '114.0'),
('0980528', '1530', 2, '172.0', '172.0'),
('0900409', '1320', 22, '208.0', '208.0'),
('0930620', '0720', 30, '50.0', '42.0'),
('0930804', '0170', 12, '138.0', '131.0'),
('0990316', '1530', 3, '90.0', '82.0'),
('0911004', '0560', 24, '177.0', '177.0'),
('0910625', '1130', 15, '137.0', '132.0'),
('0960118', '1310', 19, '210.0', '207.0'),
('0930929', '0470', 13, '38.0', '38.0'),
('0930718', '1340', 11, '57.0', '53.0'),
('0970510', '0630', 2, '98.0', '94.0'),
('0920403', '0690', 29, '91.0', '89.0'),
('0950107', '0220', 11, '94.0', '88.0'),
('1001013', '0730', 1, '29.0', '23.0'),
('0981020', '1400', 11, '46.0', '39.0'),
('0950530', '0920', 19, '207.0', '206.0'),
('0920419', '0840', 14, '123.0', '116.0'),
('0911201', '1390', 27, '199.0', '191.0'),
('1001121', '0830', 2, '125.0', '123.0'),
('1010924', '1890', 10, '133.0', '133.0'),
('0910312', '1350', 6, '14.0', '14.0'),
('0980801', '1210', 2, '39.0', '31.0'),
('1010817', '0220', 23, '204.0', '202.0'),
('1011121', '0140', 25, '171.0', '171.0'),
('0980108', '1830', 2, '103.0', '103.0'),
('0961010', '1090', 18, '165.0', '157.0'),
('1010808', '1580', 19, '109.0', '104.0'),
('1000528', '0440', 29, '107.0', '103.0'),
('0910725', '1890', 2, '103.0', '99.0'),
('0930714', '0360', 10, '78.0', '74.0'),
('0921018', '1110', 30, '25.0', '18.0'),
('0920501', '1410', 24, '20.0', '15.0'),
('0970403', '0690', 29, '127.0', '123.0'),
('0940319', '1580', 10, '105.0', '103.0'),
('0960202', '0880', 27, '52.0', '44.0'),
('1000619', '1430', 15, '27.0', '20.0'),
('1010318', '0040', 22, '183.0', '180.0'),
('0940816', '1000', 23, '67.0', '59.0'),
('1010623', '0450', 22, '27.0', '27.0'),
('1001003', '1520', 17, '22.0', '14.0'),
('0911112', '0390', 1, '133.0', '130.0'),
('0970316', '0820', 9, '153.0', '148.0'),
('0990428', '1420', 19, '90.0', '89.0'),
('1000826', '1790', 19, '202.0', '194.0'),
('0920326', '1930', 19, '169.0', '169.0'),
('1011012', '0900', 19, '197.0', '197.0'),
('0960310', '0540', 21, '47.0', '41.0'),
('0950202', '1150', 7, '162.0', '157.0'),
('0960727', '0180', 11, '155.0', '147.0'),
('1011130', '0250', 23, '87.0', '82.0'),
('0910609', '0290', 3, '74.0', '74.0'),
('0980626', '1230', 8, '207.0', '204.0'),
('0900612', '1650', 5, '23.0', '20.0'),
('0910306', '0030', 16, '204.0', '204.0'),
('0900721', '0700', 6, '168.0', '164.0'),
('0980325', '1070', 6, '38.0', '37.0'),
('0940318', '0820', 12, '121.0', '119.0'),
('0940605', '0240', 2, '201.0', '199.0'),
('0900318', '1490', 12, '114.0', '111.0'),
('0950927', '0960', 20, '115.0', '110.0'),
('0970302', '0250', 25, '120.0', '119.0'),
('0930826', '1910', 22, '37.0', '32.0'),
('0981208', '0340', 18, '93.0', '93.0'),
('1011124', '0220', 4, '52.0', '46.0'),
('0971101', '0500', 4, '39.0', '37.0'),
('0991030', '0930', 4, '160.0', '158.0'),
('0950120', '0260', 11, '147.0', '145.0'),
('1000814', '1230', 25, '147.0', '147.0'),
('1010130', '1850', 22, '105.0', '102.0'),
('0911130', '0700', 3, '115.0', '111.0'),
('0930808', '1120', 6, '33.0', '25.0'),
('0900913', '1440', 23, '143.0', '135.0'),
('0970930', '0690', 2, '164.0', '157.0'),
('0940411', '1020', 13, '203.0', '198.0'),
('0900406', '0620', 7, '118.0', '118.0'),
('0970512', '0580', 9, '142.0', '137.0'),
('0980421', '0330', 26, '173.0', '171.0'),
('0910320', '1680', 12, '191.0', '191.0'),
('0920203', '0480', 2, '183.0', '176.0'),
('0941025', '1460', 3, '79.0', '73.0'),
('0931217', '1870', 29, '134.0', '134.0'),
('0910320', '0060', 22, '144.0', '140.0'),
('0950921', '0890', 4, '92.0', '92.0'),
('1011226', '0970', 11, '74.0', '72.0'),
('0980817', '1760', 18, '116.0', '112.0'),
('0960109', '0920', 8, '50.0', '48.0'),
('0990527', '1770', 23, '75.0', '75.0'),
('0960228', '1650', 8, '111.0', '107.0'),
('0990218', '0110', 15, '169.0', '167.0'),
('0950908', '0320', 12, '153.0', '149.0'),
('0940414', '0710', 9, '87.0', '81.0'),
('1010120', '0790', 29, '148.0', '145.0'),
('0960228', '1050', 28, '68.0', '62.0'),
('0990707', '1380', 18, '169.0', '169.0'),
('0931007', '1340', 21, '125.0', '124.0'),
('0970913', '0050', 8, '154.0', '147.0'),
('0991130', '1600', 11, '149.0', '143.0'),
('0980104', '1570', 9, '32.0', '24.0'),
('1001022', '0710', 19, '106.0', '100.0'),
('0960520', '1170', 23, '36.0', '34.0'),
('0961024', '0370', 24, '164.0', '161.0'),
('0900120', '0790', 14, '19.0', '14.0'),
('0991119', '0270', 21, '103.0', '99.0'),
('0940515', '1310', 22, '102.0', '94.0'),
('0911122', '0700', 9, '36.0', '31.0'),
('0970413', '0930', 10, '133.0', '133.0'),
('0910427', '1660', 20, '181.0', '177.0'),
('0931007', '1810', 13, '179.0', '179.0'),
('0940307', '1080', 12, '51.0', '49.0'),
('0990421', '0680', 3, '72.0', '67.0'),
('1000205', '0150', 28, '199.0', '191.0'),
('0931229', '1690', 24, '129.0', '125.0'),
('0960610', '1270', 22, '48.0', '44.0'),
('1011005', '1130', 8, '203.0', '195.0'),
('0981203', '1200', 11, '71.0', '69.0'),
('0920621', '1240', 9, '99.0', '92.0'),
('0990519', '1330', 22, '60.0', '60.0'),
('0950126', '0500', 14, '80.0', '79.0'),
('0961228', '0350', 23, '50.0', '50.0'),
('0900709', '0010', 28, '156.0', '156.0'),
('0930417', '0990', 21, '78.0', '75.0'),
('0980822', '1350', 17, '13.0', '13.0'),
('0940927', '0290', 10, '82.0', '79.0'),
('0980524', '0660', 23, '100.0', '97.0'),
('1000327', '1340', 12, '86.0', '84.0'),
('0960611', '0550', 26, '39.0', '38.0'),
('0980202', '1040', 20, '123.0', '122.0'),
('0960222', '0590', 29, '43.0', '39.0'),
('0990912', '1920', 2, '104.0', '97.0'),
('1010529', '0370', 11, '120.0', '115.0'),
('0970205', '1240', 13, '191.0', '191.0'),
('0950824', '1700', 7, '100.0', '100.0'),
('0940101', '0220', 26, '151.0', '143.0'),
('0970711', '1570', 14, '174.0', '166.0'),
('0960118', '1630', 6, '179.0', '177.0'),
('0970102', '0500', 23, '74.0', '66.0'),
('0960730', '0860', 22, '68.0', '64.0'),
('0910405', '0920', 26, '198.0', '193.0'),
('0900617', '1400', 14, '35.0', '31.0'),
('0960409', '1150', 6, '26.0', '22.0'),
('0981125', '1220', 29, '206.0', '204.0'),
('1000729', '1340', 29, '186.0', '186.0'),
('0960925', '0870', 26, '108.0', '102.0'),
('0920520', '1890', 21, '107.0', '102.0'),
('0900128', '1710', 27, '27.0', '22.0'),
('0970323', '0850', 27, '84.0', '76.0'),
('0921103', '0510', 7, '25.0', '19.0'),
('0900509', '1870', 29, '189.0', '183.0'),
('0990816', '1090', 13, '104.0', '101.0'),
('0921203', '0550', 10, '12.0', '9.0'),
('0991020', '0900', 23, '68.0', '66.0'),
('0990529', '0400', 25, '123.0', '122.0'),
('0920903', '0070', 10, '60.0', '53.0'),
('0910710', '0340', 21, '150.0', '145.0'),
('0940511', '1130', 20, '91.0', '90.0'),
('0990420', '0750', 1, '17.0', '13.0'),
('0970829', '0760', 6, '67.0', '65.0'),
('0940812', '0700', 23, '67.0', '67.0'),
('0990521', '0900', 3, '173.0', '167.0'),
('0910510', '1080', 23, '113.0', '111.0'),
('0980323', '1010', 17, '55.0', '49.0'),
('0981117', '0160', 2, '58.0', '56.0'),
('1011018', '0550', 14, '36.0', '29.0'),
('0900830', '0030', 4, '124.0', '124.0'),
('0950821', '1180', 27, '182.0', '175.0'),
('1010602', '0990', 7, '91.0', '90.0'),
('0961001', '1190', 11, '108.0', '100.0'),
('0931025', '0090', 24, '53.0', '53.0'),
('0900625', '0130', 7, '126.0', '121.0'),
('0990223', '0910', 20, '112.0', '112.0'),
('0970128', '0290', 24, '95.0', '92.0'),
('1010928', '0550', 6, '121.0', '121.0'),
('0931211', '1180', 24, '107.0', '99.0'),
('1011024', '0650', 7, '117.0', '114.0'),
('0940129', '1140', 20, '87.0', '80.0'),
('0980327', '1720', 21, '136.0', '130.0'),
('0990313', '0040', 22, '173.0', '169.0'),
('0990315', '1930', 2, '17.0', '17.0'),
('0961016', '0400', 17, '21.0', '19.0'),
('0951209', '1760', 6, '144.0', '136.0'),
('0950914', '1460', 29, '102.0', '101.0'),
('0900310', '1710', 17, '85.0', '83.0'),
('0971022', '1870', 27, '210.0', '210.0'),
('0980213', '1460', 6, '195.0', '189.0'),
('0941115', '1310', 18, '41.0', '38.0'),
('0910526', '1770', 22, '140.0', '134.0'),
('0941110', '0770', 8, '159.0', '159.0'),
('0910524', '0610', 17, '192.0', '189.0'),
('0980813', '0230', 14, '123.0', '117.0'),
('0931206', '1490', 28, '43.0', '41.0'),
('1011230', '1400', 16, '23.0', '17.0'),
('0901115', '0570', 30, '129.0', '129.0'),
('0961114', '1630', 26, '38.0', '30.0'),
('0940204', '1920', 14, '96.0', '96.0'),
('0960615', '0930', 30, '199.0', '197.0'),
('0910805', '0980', 24, '163.0', '156.0'),
('0900403', '0820', 13, '207.0', '205.0'),
('0991211', '0010', 4, '146.0', '146.0'),
('0920211', '0310', 16, '193.0', '187.0'),
('0930102', '0080', 19, '121.0', '113.0'),
('0910729', '0360', 5, '82.0', '82.0'),
('0931008', '0570', 20, '137.0', '137.0'),
('0901115', '1350', 9, '64.0', '60.0'),
('1010728', '1670', 16, '206.0', '198.0'),
('0940416', '0430', 10, '12.0', '12.0'),
('1000521', '0830', 25, '99.0', '97.0'),
('0940807', '1260', 14, '184.0', '181.0'),
('0941108', '1340', 26, '167.0', '167.0'),
('0950226', '1820', 9, '193.0', '191.0'),
('0920928', '1390', 14, '200.0', '195.0'),
('0941113', '0950', 13, '204.0', '198.0'),
('0900905', '0570', 9, '164.0', '160.0'),
('0990405', '0500', 28, '140.0', '140.0'),
('0921222', '0370', 10, '113.0', '107.0'),
('0910510', '0310', 19, '90.0', '85.0'),
('0990701', '1660', 1, '166.0', '166.0'),
('0970315', '1840', 14, '158.0', '156.0'),
('0910203', '0620', 5, '143.0', '142.0'),
('1000617', '0300', 9, '108.0', '104.0'),
('0950230', '0380', 8, '108.0', '104.0'),
('0940705', '0150', 4, '16.0', '14.0'),
('0911120', '1570', 2, '35.0', '35.0'),
('0910620', '1190', 7, '55.0', '55.0'),
('0940421', '0210', 2, '51.0', '43.0'),
('0960318', '1600', 7, '60.0', '52.0'),
('0951014', '1590', 26, '87.0', '86.0'),
('0950411', '0790', 24, '23.0', '17.0'),
('1001015', '0280', 24, '136.0', '135.0'),
('0971208', '1750', 24, '109.0', '101.0'),
('0970904', '0160', 1, '80.0', '75.0'),
('0991230', '0650', 17, '51.0', '44.0'),
('0970326', '0170', 2, '163.0', '155.0'),
('0930401', '0040', 11, '164.0', '158.0'),
('0921215', '0900', 22, '87.0', '80.0'),
('0990718', '0730', 6, '153.0', '148.0'),
('1010804', '0500', 4, '161.0', '154.0'),
('0990608', '1610', 19, '103.0', '96.0'),
('0901220', '0800', 5, '15.0', '14.0'),
('0951215', '0590', 21, '73.0', '69.0'),
('0920826', '1410', 1, '146.0', '146.0'),
('0950927', '1690', 4, '164.0', '160.0'),
('0911221', '1600', 28, '50.0', '50.0'),
('0971205', '1650', 10, '90.0', '83.0'),
('1010422', '1220', 30, '20.0', '18.0'),
('0911009', '0280', 26, '39.0', '33.0'),
('0910109', '1630', 11, '148.0', '142.0'),
('0921002', '0340', 6, '104.0', '102.0'),
('0910525', '1610', 25, '27.0', '23.0'),
('0900518', '0120', 26, '32.0', '28.0'),
('0950924', '0530', 9, '98.0', '90.0'),
('0921128', '0360', 26, '99.0', '92.0'),
('0901124', '0300', 7, '71.0', '66.0'),
('1010714', '0030', 19, '79.0', '75.0'),
('0951215', '0380', 5, '61.0', '61.0'),
('0961225', '0730', 23, '204.0', '198.0'),
('0970427', '0650', 14, '19.0', '12.0'),
('0970922', '1210', 15, '178.0', '177.0'),
('0910804', '1840', 28, '45.0', '40.0'),
('1001201', '0090', 18, '66.0', '60.0'),
('1000812', '0230', 17, '108.0', '108.0'),
('0940210', '1540', 7, '66.0', '66.0'),
('0930627', '0050', 19, '136.0', '135.0'),
('0910726', '0110', 19, '51.0', '47.0'),
('1010822', '0350', 2, '84.0', '78.0'),
('1010223', '1720', 17, '181.0', '181.0'),
('0981128', '0500', 8, '211.0', '206.0'),
('0980927', '0540', 5, '187.0', '181.0'),
('0950729', '0510', 8, '55.0', '55.0'),
('0980329', '1570', 11, '169.0', '161.0'),
('0910401', '0400', 22, '96.0', '90.0'),
('0940504', '0310', 13, '15.0', '15.0'),
('0990616', '1910', 28, '206.0', '200.0'),
('1010410', '0280', 6, '18.0', '10.0'),
('0970303', '1480', 15, '150.0', '144.0'),
('0981028', '1520', 14, '200.0', '195.0'),
('0960306', '0310', 18, '119.0', '119.0'),
('0990911', '1780', 22, '125.0', '123.0'),
('0941113', '1900', 26, '50.0', '50.0'),
('0970225', '1470', 18, '12.0', '11.0'),
('0960405', '0140', 8, '58.0', '54.0'),
('0950826', '0280', 24, '91.0', '85.0'),
('0970425', '1810', 3, '173.0', '170.0'),
('0930621', '0610', 22, '29.0', '29.0'),
('0900229', '0590', 3, '56.0', '51.0'),
('0930717', '1350', 28, '143.0', '143.0'),
('1010824', '1460', 30, '59.0', '56.0'),
('0950505', '1140', 7, '111.0', '103.0'),
('0991114', '1480', 30, '90.0', '84.0'),
('0990210', '0130', 25, '133.0', '125.0'),
('0970507', '0450', 7, '201.0', '197.0'),
('0930507', '1070', 19, '160.0', '160.0'),
('0950206', '0820', 18, '172.0', '172.0'),
('0940925', '1770', 26, '33.0', '30.0'),
('0941122', '0380', 5, '117.0', '116.0'),
('0981005', '0250', 23, '110.0', '110.0'),
('0980527', '0620', 12, '181.0', '174.0'),
('0980510', '0050', 24, '72.0', '68.0'),
('0970830', '0790', 26, '30.0', '27.0'),
('0980423', '1510', 5, '78.0', '78.0'),
('1000913', '1540', 13, '141.0', '135.0'),
('0981014', '0840', 24, '182.0', '181.0'),
('0970805', '0780', 13, '20.0', '20.0'),
('1000301', '1760', 12, '140.0', '135.0'),
('0941223', '0690', 24, '54.0', '54.0'),
('0970722', '0210', 6, '188.0', '183.0'),
('0920608', '1260', 12, '102.0', '100.0'),
('0941024', '0930', 25, '69.0', '63.0'),
('0910402', '1850', 24, '110.0', '106.0'),
('0971223', '1260', 10, '60.0', '55.0'),
('0970714', '1030', 4, '123.0', '116.0'),
('0921116', '1730', 14, '96.0', '94.0'),
('0900522', '1760', 28, '166.0', '166.0'),
('0951124', '1310', 26, '75.0', '75.0'),
('0940609', '1390', 14, '27.0', '27.0'),
('1010615', '0500', 29, '189.0', '181.0'),
('0900919', '0680', 11, '65.0', '64.0'),
('0990916', '1260', 7, '160.0', '159.0'),
('0921111', '0500', 4, '210.0', '209.0'),
('0900824', '1140', 23, '30.0', '25.0'),
('0971213', '1540', 5, '192.0', '190.0'),
('0950527', '1650', 11, '204.0', '204.0'),
('1001222', '1250', 24, '166.0', '159.0'),
('0930813', '0480', 13, '84.0', '82.0'),
('0930812', '1360', 30, '146.0', '144.0'),
('1010703', '1780', 20, '154.0', '151.0'),
('0930816', '1920', 19, '112.0', '107.0'),
('0960826', '0370', 27, '157.0', '153.0'),
('0940407', '0020', 30, '123.0', '118.0'),
('0910428', '0860', 21, '189.0', '181.0'),
('1000108', '1780', 10, '131.0', '123.0'),
('0980829', '1270', 6, '115.0', '113.0'),
('0980606', '0930', 26, '165.0', '158.0'),
('0921008', '1830', 20, '56.0', '54.0'),
('0920110', '0040', 23, '29.0', '29.0'),
('1001011', '1730', 24, '177.0', '177.0'),
('1011013', '0390', 30, '184.0', '177.0'),
('0961102', '0270', 30, '131.0', '128.0'),
('0900515', '1290', 13, '188.0', '181.0'),
('1011124', '1560', 11, '52.0', '47.0'),
('0930812', '0260', 10, '55.0', '50.0'),
('0920230', '1520', 26, '15.0', '8.0'),
('0990323', '1550', 22, '37.0', '37.0'),
('0990830', '1570', 21, '92.0', '92.0'),
('0980105', '1850', 18, '145.0', '145.0'),
('0910919', '0440', 27, '168.0', '166.0'),
('0910819', '1700', 16, '167.0', '167.0'),
('0990901', '0130', 10, '180.0', '173.0'),
('0940418', '1120', 10, '64.0', '64.0'),
('0901114', '1930', 6, '127.0', '126.0'),
('0950303', '1550', 18, '122.0', '122.0'),
('0900330', '1570', 18, '200.0', '200.0'),
('0960211', '0790', 11, '134.0', '131.0'),
('0950911', '1630', 20, '177.0', '176.0'),
('0930411', '0610', 1, '159.0', '154.0'),
('0900730', '1310', 16, '41.0', '41.0'),
('0951118', '1710', 10, '139.0', '139.0'),
('0911112', '0720', 24, '194.0', '194.0'),
('0960615', '0290', 19, '151.0', '149.0'),
('0921102', '1450', 25, '41.0', '33.0'),
('1001109', '1700', 13, '86.0', '81.0'),
('0970410', '0110', 10, '31.0', '28.0'),
('0941127', '0320', 3, '196.0', '194.0'),
('0910526', '0220', 15, '176.0', '174.0'),
('0950911', '1140', 21, '29.0', '28.0'),
('1000711', '1210', 27, '22.0', '14.0'),
('0950325', '0530', 11, '120.0', '112.0'),
('0961017', '0650', 28, '211.0', '205.0'),
('0920208', '1210', 7, '34.0', '34.0'),
('0931011', '1600', 3, '191.0', '186.0'),
('0951003', '1430', 20, '190.0', '190.0'),
('1011008', '0710', 25, '130.0', '129.0'),
('0970703', '0860', 30, '175.0', '172.0'),
('0901215', '0170', 6, '153.0', '153.0'),
('1000418', '0460', 2, '135.0', '134.0'),
('0900118', '1840', 20, '123.0', '115.0'),
('0941103', '1820', 24, '41.0', '33.0'),
('0911007', '0080', 4, '25.0', '23.0'),
('0930429', '0590', 27, '178.0', '172.0'),
('0971018', '0380', 13, '131.0', '131.0'),
('0931002', '0160', 16, '67.0', '63.0'),
('1010704', '1850', 23, '86.0', '82.0'),
('1010217', '0270', 11, '87.0', '87.0'),
('0990519', '0030', 22, '26.0', '21.0'),
('0951006', '0360', 2, '59.0', '55.0'),
('0951020', '0640', 20, '107.0', '101.0'),
('0990110', '0030', 5, '146.0', '146.0'),
('1010910', '1760', 29, '59.0', '59.0'),
('0991117', '0940', 20, '69.0', '64.0'),
('1011207', '1670', 11, '185.0', '178.0'),
('0911101', '0390', 12, '88.0', '81.0'),
('0960727', '1690', 17, '160.0', '160.0'),
('0960827', '1260', 22, '74.0', '71.0'),
('1000612', '0250', 7, '170.0', '170.0'),
('0970430', '1370', 11, '34.0', '27.0'),
('0901030', '0270', 6, '210.0', '202.0'),
('0910927', '1650', 16, '53.0', '52.0'),
('1000913', '0710', 3, '189.0', '182.0'),
('0970903', '1050', 3, '46.0', '39.0'),
('0970601', '0380', 18, '207.0', '206.0'),
('0960824', '0750', 22, '92.0', '87.0'),
('1000716', '1060', 17, '102.0', '98.0'),
('0960424', '1100', 15, '117.0', '114.0'),
('0900805', '1020', 27, '125.0', '125.0'),
('0961229', '1340', 8, '29.0', '23.0'),
('0940201', '1870', 9, '88.0', '82.0'),
('0961108', '0560', 5, '204.0', '203.0'),
('0930203', '1050', 10, '66.0', '63.0'),
('0980822', '1630', 8, '92.0', '84.0'),
('0940502', '0360', 21, '171.0', '164.0'),
('0920720', '0510', 24, '151.0', '147.0'),
('0941218', '1670', 28, '174.0', '172.0'),
('0900507', '1230', 7, '199.0', '193.0'),
('0950317', '1160', 24, '163.0', '156.0'),
('1000123', '1640', 25, '32.0', '32.0'),
('0970828', '1100', 3, '202.0', '194.0'),
('0960503', '1380', 13, '103.0', '95.0'),
('0981230', '1780', 11, '160.0', '154.0'),
('0920622', '1450', 23, '61.0', '61.0'),
('1000302', '0510', 2, '79.0', '76.0'),
('1011123', '1310', 27, '172.0', '166.0'),
('0950620', '0970', 29, '22.0', '17.0'),
('0900816', '0560', 26, '126.0', '123.0'),
('0960405', '1330', 11, '122.0', '122.0'),
('0941108', '1500', 13, '114.0', '107.0'),
('0990923', '1410', 2, '82.0', '82.0'),
('0980130', '1740', 3, '155.0', '155.0'),
('0970409', '1930', 1, '75.0', '67.0'),
('0960213', '0610', 14, '75.0', '75.0'),
('1010207', '0190', 10, '89.0', '84.0'),
('0920201', '1360', 6, '143.0', '140.0'),
('1011014', '1660', 9, '47.0', '47.0'),
('0941122', '0190', 29, '85.0', '77.0'),
('0920920', '0510', 1, '205.0', '199.0'),
('0980910', '1780', 9, '35.0', '33.0'),
('0900705', '1470', 16, '23.0', '20.0'),
('0950205', '0530', 3, '151.0', '144.0'),
('0960330', '0320', 23, '68.0', '65.0'),
('0920528', '1180', 28, '154.0', '154.0'),
('0911101', '1570', 2, '199.0', '198.0'),
('0950922', '1760', 1, '178.0', '172.0'),
('0900116', '0650', 28, '112.0', '108.0'),
('0980411', '1130', 17, '145.0', '142.0'),
('0980303', '0340', 15, '95.0', '89.0'),
('0921007', '1010', 23, '74.0', '67.0'),
('1000609', '0720', 1, '42.0', '37.0'),
('0920408', '0210', 27, '178.0', '175.0'),
('0950316', '0040', 24, '21.0', '19.0'),
('1010713', '1780', 19, '123.0', '123.0'),
('0981001', '1300', 3, '199.0', '198.0'),
('0900106', '0480', 24, '116.0', '114.0'),
('0950602', '0190', 4, '191.0', '190.0'),
('0990416', '0600', 25, '173.0', '173.0'),
('0961117', '1350', 13, '191.0', '190.0'),
('1001030', '0620', 28, '196.0', '195.0'),
('0950930', '1600', 9, '93.0', '85.0'),
('0910303', '0270', 3, '136.0', '136.0'),
('0950404', '0260', 6, '38.0', '36.0'),
('0940309', '0730', 19, '58.0', '50.0'),
('0980429', '0220', 4, '136.0', '130.0'),
('0901223', '0640', 13, '136.0', '133.0'),
('0981028', '0090', 10, '44.0', '41.0'),
('1010129', '0620', 27, '32.0', '25.0'),
('0930429', '1830', 21, '127.0', '121.0'),
('0980703', '1190', 20, '117.0', '109.0'),
('0910602', '0790', 19, '148.0', '144.0'),
('0920808', '1150', 5, '189.0', '187.0'),
('0960105', '1110', 25, '61.0', '61.0'),
('0930119', '1520', 11, '119.0', '113.0'),
('0911011', '0990', 25, '21.0', '19.0'),
('0940820', '1240', 21, '124.0', '119.0'),
('0970512', '0680', 24, '119.0', '119.0'),
('1010412', '0900', 13, '167.0', '164.0'),
('0950610', '0080', 17, '131.0', '123.0'),
('0920514', '0160', 29, '67.0', '63.0'),
('1010521', '0640', 11, '107.0', '99.0'),
('1001217', '0200', 1, '15.0', '7.0'),
('1000904', '1380', 28, '158.0', '158.0'),
('1011105', '0090', 24, '145.0', '143.0'),
('0930418', '0410', 4, '102.0', '96.0'),
('0910517', '0910', 9, '121.0', '116.0'),
('0910717', '0540', 1, '111.0', '108.0'),
('0971120', '1530', 27, '192.0', '192.0'),
('0910302', '1670', 8, '143.0', '136.0'),
('0940712', '1060', 8, '123.0', '115.0'),
('0990607', '0530', 25, '168.0', '162.0'),
('0930423', '0950', 5, '198.0', '195.0'),
('0941225', '0320', 8, '176.0', '176.0'),
('0961222', '1480', 14, '131.0', '127.0'),
('0950407', '1400', 28, '195.0', '194.0'),
('0900228', '0050', 27, '199.0', '199.0'),
('1000112', '1830', 29, '19.0', '11.0'),
('1011024', '1510', 5, '200.0', '196.0'),
('1000401', '0370', 23, '59.0', '58.0'),
('0960422', '0570', 22, '158.0', '157.0'),
('0930208', '0820', 17, '118.0', '110.0'),
('0970225', '1660', 12, '43.0', '38.0'),
('0980426', '0080', 12, '146.0', '139.0'),
('1010504', '0630', 2, '133.0', '132.0'),
('0990829', '0780', 6, '69.0', '64.0'),
('1001223', '0570', 20, '18.0', '16.0'),
('0910701', '1080', 20, '116.0', '110.0'),
('0920408', '0590', 25, '185.0', '179.0'),
('0920819', '1800', 6, '142.0', '135.0'),
('0990721', '0460', 20, '71.0', '67.0'),
('0980922', '0620', 25, '93.0', '90.0'),
('1010918', '0370', 29, '87.0', '83.0'),
('0971216', '0110', 20, '108.0', '102.0'),
('0980322', '1410', 12, '185.0', '177.0'),
('0960726', '0480', 18, '106.0', '106.0'),
('0931120', '1540', 28, '59.0', '56.0'),
('0910718', '0630', 17, '209.0', '209.0'),
('0990216', '0160', 9, '110.0', '109.0'),
('0971128', '1300', 4, '131.0', '128.0'),
('0940426', '0790', 25, '39.0', '38.0'),
('1010918', '0510', 20, '31.0', '30.0'),
('1010720', '0820', 16, '15.0', '14.0'),
('1001211', '1420', 18, '160.0', '159.0'),
('0900204', '1850', 1, '133.0', '127.0'),
('0920407', '0600', 17, '178.0', '176.0'),
('0900908', '0630', 27, '131.0', '128.0'),
('0930908', '1690', 19, '52.0', '52.0'),
('0911014', '0290', 2, '40.0', '38.0'),
('0990210', '1510', 14, '173.0', '172.0'),
('0991102', '0990', 8, '201.0', '199.0'),
('0970701', '0760', 4, '73.0', '73.0'),
('0931002', '0290', 30, '140.0', '137.0'),
('0970721', '0410', 27, '205.0', '198.0'),
('0990823', '1720', 12, '91.0', '87.0'),
('0931230', '0810', 30, '211.0', '204.0'),
('0970314', '0880', 4, '42.0', '36.0'),
('0971023', '0320', 18, '127.0', '120.0'),
('0900220', '1840', 15, '184.0', '178.0'),
('0991106', '1640', 15, '165.0', '160.0'),
('0990216', '1330', 4, '70.0', '62.0'),
('0900723', '1500', 13, '184.0', '182.0'),
('1000207', '1630', 8, '195.0', '188.0'),
('0960420', '1610', 17, '150.0', '150.0'),
('1010423', '0800', 10, '48.0', '47.0'),
('0901011', '1890', 16, '204.0', '201.0'),
('0930120', '0490', 22, '134.0', '129.0'),
('0950827', '0290', 1, '166.0', '163.0'),
('0960812', '1730', 13, '59.0', '53.0'),
('0930126', '1850', 14, '104.0', '101.0'),
('1010613', '0930', 12, '39.0', '37.0'),
('0990927', '0340', 14, '21.0', '21.0'),
('0961204', '1830', 1, '52.0', '47.0'),
('0910918', '1650', 14, '103.0', '99.0');

-- --------------------------------------------------------

--
-- 資料表結構 `stock`
--

CREATE TABLE IF NOT EXISTS `stock` (
  `gdno` varchar(4) COLLATE utf8_unicode_ci DEFAULT NULL,
  `suno` varchar(4) COLLATE utf8_unicode_ci DEFAULT NULL,
  `gdname` varchar(30) COLLATE utf8_unicode_ci DEFAULT NULL,
  `inprice` decimal(5,1) DEFAULT NULL,
  `saleprice` decimal(5,1) DEFAULT NULL,
  `stockqty` int(4) DEFAULT NULL,
  `safeqty` int(4) DEFAULT NULL,
  `gdspec` varchar(30) COLLATE utf8_unicode_ci DEFAULT NULL
) ENGINE=InnoDB DEFAULT CHARSET=utf8 COLLATE=utf8_unicode_ci;

--
-- 資料表的匯出資料 `stock`
--

INSERT INTO `stock` (`gdno`, `suno`, `gdname`, `inprice`, `saleprice`, `stockqty`, `safeqty`, `gdspec`) VALUES
('0440', '0105', '光泉優酪乳', '15.0', '16.0', 15, 12, ''),
('0450', '0085', '金車奧利多', '14.3', '15.5', 272, 12, ''),
('0460', '0114', '舒潔平版衛生紙', '122.9', '126.0', 18, 5, ''),
('0470', '0114', '舒潔抽取衛生紙', '111.2', '114.0', 12, 5, ''),
('0480', '0114', '舒潔面紙', '93.6', '96.0', 10, 5, ''),
('0490', '2430', '幫寶適新生兒期', '304.2', '312.0', 10, 5, ''),
('0500', '0008', '味王素食麵', '5.9', '6.0', 10, 2, ''),
('0510', '0088', '統一冬粉牛肉', '7.8', '8.0', 90, 10, ''),
('0520', '0088', '統一香菇冬粉', '8.8', '9.0', 20, 10, ''),
('0530', '0088', '統一冬菜冬粉', '7.8', '8.0', 90, 10, ''),
('0540', '0094', '坎妮毛鱗片滋護液', '162.0', '178.0', 21, 2, ''),
('0550', '0967', '火警偵煙器', '850.0', '900.0', 19, 0, ''),
('0560', '0094', '麗仕美容沐浴汝敏感肌膚', '128.0', '131.0', 20, 2, ''),
('0570', '0094', '麗仕美容沐浴乳中性', '128.0', '131.0', 20, 2, ''),
('0580', '0094', '晴絲護髮熱油洗髮乳', '76.7', '80.0', 18, 2, ''),
('0590', '0094', '坎妮洗髮乳正常', '99.0', '110.0', 10, 3, ''),
('0600', '0094', '坎妮洗髮乳乾燥分叉', '99.0', '110.0', 20, 3, ''),
('0610', '0094', '坎妮洗髮乳燙髮傷害', '99.0', '110.0', 11, 3, ''),
('0620', '0094', '坎妮護髮霜66666', '107.0', '118.0', 23, 2, ''),
('0630', '0094', '坎妮日間噴霧式護髮露', '93.0', '102.0', 10, 2, ''),
('0640', '0094', '白蘭洗衣精', '92.8', '95.0', 10, 2, ''),
('0650', '0084', '白博士廚房清潔劑', '51.7', '53.0', 12, 4, ''),
('0660', '0094', '熊寶貝衣物柔軟精', '43.1', '45.0', 11, 5, ''),
('0670', '0168', '黑人牙膏', '13.7', '14.0', 20, 5, ''),
('0680', '0168', '高露潔牙膏', '28.3', '29.0', 20, 2, ''),
('0690', '0094', '白蘭漂白水', '33.2', '37.0', 10, 2, ''),
('0700', '0094', '潔樂適家庭萬用去汙液', '32.2', '34.0', 10, 5, ''),
('0710', '0094', '白蘭軟性洗碗精', '33.2', '35.0', 20, 4, ''),
('0720', '0094', '麗仕美容香皂', '10.5', '11.0', 15, 6, ''),
('0730', '0050', 'P-C 面紙', '32.0', '34.0', 20, 2, ''),
('0740', '0050', '秀面族裝面紙', '85.0', '92.0', 20, 5, ''),
('0750', '0094', '白蘭無磷濃縮洗衣粉', '81.9', '84.0', 10, 2, ''),
('0760', '0363', '一匙靈', '83.9', '86.0', 34, 5, ''),
('0770', '0674', '羅紗內衣男無袖衫 M', '60.0', '65.0', 10, 2, ''),
('0780', '0674', '羅紗內衣叔女背心 XL', '71.3', '73.0', 8, 5, ''),
('0790', '0084', '噴效殺蟲液', '44.9', '46.0', 10, 3, ''),
('0800', '0674', '羅紗內衣叔女背心 L', '71.3', '73.0', 23, 3, ''),
('0810', '0674', '羅莎內衣#203淑女背心', '71.3', '73.0', 3, 3, ''),
('0820', '0674', '羅莎#240男無袖V領衫', '60.0', '65.0', 20, 3, ''),
('0830', '1004', '巴斯克林', '62.4', '64.0', 8, 3, ''),
('0840', '0674', '羅莎#602高腰女三角褲', '31.8', '34.0', 22, 3, ''),
('0850', '0674', '羅莎#141大人  褲36"', '41.1', '43.0', 7, 3, ''),
('0860', '0674', '羅莎#141大人  褲 38"', '41.1', '43.0', 15, 3, ''),
('0870', '0674', '羅莎#101大人  褲40"', '42.6', '44.0', 8, 3, ''),
('0880', '0311', '台糖細粒特砂', '33.2', '34.0', 10, 5, ''),
('0890', '5007', '安佳脫脂即溶奶粉1.8KG', '283.7', '291.0', 20, 5, ''),
('0900', '9393', '克寧即溶奶粉2KG', '314.0', '322.0', 0, 2, ''),
('0910', '4206', '克寧即溶奶粉400G', '75.1', '77.0', 31, 5, ''),
('0920', '8733', '克寧低脂即溶奶粉400G', '80.0', '82.0', 10, 5, ''),
('0930', '8008', '好立克400G', '76.1', '78.0', 4, 2, ''),
('0940', '0311', '棒型細粒特砂', '60.5', '62.0', 10, 2, ''),
('0950', '0777', '白蘭氏傳統雞精', '209.6', '215.0', 10, 2, ''),
('0960', '0628', '亞培恩美力', '159.9', '169.0', 0, 2, ''),
('0970', '8733', '克寧營養強化奶粉 850G', '168.7', '173.0', 19, 2, ''),
('0980', '0628', '亞培心美力', '163.8', '168.0', 10, 2, ''),
('0990', '0397', '全麥蘇打', '19.0', '21.0', 7, 2, ''),
('1000', '0525', '冠昇乳酪餅', '16.0', '17.0', 4, 2, ''),
('1010', '0162', '三五蘇打餅 小', '43.0', '45.0', 7, 2, ''),
('1020', '0162', '中立芝士蘇打', '37.5', '40.0', 4, 2, ''),
('1030', '1011', '芝麻餅乾', '16.0', '17.0', 13, 2, ''),
('1040', '0397', '奶油蘇打', '15.0', '16.0', 4, 2, ''),
('1050', '0047', '乳酪條子', '28.0', '30.0', 8, 2, ''),
('1060', '0162', '中立美華梳打餅', '25.0', '27.0', 9, 2, ''),
('1070', '0047', '高纖蘇打', '39.5', '42.0', 13, 2, ''),
('1080', '0162', '中立奶酥夾心餅乾', '43.0', '45.0', 5, 2, ''),
('1090', '0162', '中立椒鹽餅乾', '20.0', '22.0', 8, 2, ''),
('1100', '1011', '軟沙琪瑪', '42.0', '45.0', 5, 2, ''),
('1110', '0022', '可樂果', '13.7', '14.0', 30, 2, ''),
('1120', '1113', '黑師傅奶酥', '74.5', '85.0', 9, 1, ''),
('1130', '0235', '愛迪兒捲心酥 巧克力', '8.5', '10.0', 18, 2, ''),
('1140', '0235', '愛笛兒捲心酥 草莓', '8.5', '10.0', 45, 2, ''),
('1150', '8675', '加州三葉葡萄乾', '38.0', '39.0', 20, 3, ''),
('1160', '0235', '黑師傅捲心餅', '42.5', '50.0', 10, 2, ''),
('1170', '9782', '嘉頓芝士夾心餅', '31.0', '32.0', 11, 5, ''),
('1180', '9782', '嘉頓花生夾心餅', '31.0', '32.0', 20, 2, ''),
('1190', '1021', '花生酥', '55.0', '57.0', 22, 5, ''),
('1200', '9782', '香蔥薄餅', '22.0', '24.0', 0, 2, ''),
('1210', '0182', '蔬菜酥打餅', '28.0', '30.0', 18, 5, ''),
('1220', '9782', '嘉頓雞片', '33.0', '35.0', 11, 5, ''),
('1230', '9782', '嘉頓雞片 香蒜味', '33.0', '35.0', 20, 5, ''),
('1240', '2000', '箭牌口香糖', '30.2', '31.0', 20, 2, ''),
('1250', '2355', '菲律賓芒果干', '48.0', '50.0', 19, 2, ''),
('1260', '2355', '長生果', '38.0', '40.0', 0, 2, ''),
('1270', '1520', '芝麻柴魚豆干', '19.0', '20.0', 20, 2, ''),
('1280', '2355', '港式蜜餞', '15.0', '16.0', 17, 7, ''),
('1290', '1520', '大沙茶豆干', '19.0', '20.0', 4, 2, ''),
('1300', '1520', '紅燒烤肉條豆干', '19.0', '20.0', 10, 2, ''),
('1310', '1520', '紅蒜珍味豆干', '19.0', '20.0', 12, 2, ''),
('1320', '1520', '香菇魯條豆干', '19.0', '20.0', 10, 2, ''),
('1330', '1520', '牛肉魯條豆干', '19.0', '20.0', 0, 2, ''),
('1340', '1520', '蒜汁沙茶豆干', '19.0', '20.0', 10, 2, ''),
('1350', '1520', '蒜汁魯條豆干', '19.0', '20.0', 21, 2, ''),
('1360', '4000', '杏仁巧克力', '12.0', '13.0', 17, 2, ''),
('1370', '4000', '雙味褔巧克力', '12.0', '13.0', 23, 2, ''),
('1380', '4000', '花生棒巧克力', '12.0', '13.0', 37, 2, ''),
('1390', '1419', '小冠寶捲心酥', '13.5', '15.0', 15, 2, ''),
('1400', '1809', '潔麗雅綿羊油洗手乳', '70.0', '75.0', 12, 5, ''),
('1410', '1809', '潔麗雅綿羊油沐浴乳', '120.0', '125.0', 5, 5, ''),
('1420', '1809', '潔麗雅綿羊潤膚霜', '180.0', '190.0', 11, 5, ''),
('1430', '1809', '潔麗雅洗面乳', '80.0', '85.0', 9, 5, ''),
('1440', '0158', 'VO5洗髮露', '95.0', '100.0', 10, 5, ''),
('1450', '2254', 'VO5運動洗髮乳', '120.0', '125.0', 9, 5, ''),
('1460', '1809', '潔麗雅盧薈洗髮精', '55.0', '60.0', 3, 5, ''),
('1470', '1809', '天然護髮乳', '160.0', '170.0', 9, 5, ''),
('1480', '8513', '潔登牙縫牙刷', '70.0', '73.0', 6, 5, ''),
('1490', '9932', '立可樂牙膏', '97.0', '103.0', 9, 5, ''),
('1500', '7640', '法國天然礦泉水', '25.9', '28.0', 85, 2, ''),
('1510', '2643', '金登平頭型軟毛牙刷', '32.0', '35.0', 5, 2, ''),
('1520', '8513', '潔登細牙線55碼', '45.0', '48.0', 10, 2, ''),
('1530', '2643', '金登兒童牙刷', '27.0', '29.0', 5, 2, ''),
('1540', '1933', '耳扒綿棒', '32.0', '34.0', 10, 5, ''),
('1550', '8513', '潔登帶狀牙線27碼', '30.0', '33.0', 21, 2, ''),
('1560', '4000', '吉喜巧克力大包', '40.0', '45.0', 10, 2, ''),
('1570', '2643', '金登抗牙菌斑牙刷', '32.0', '35.0', 27, 2, ''),
('1580', '8513', '潔登成人牙刷', '37.0', '39.0', 78, 2, ''),
('1590', '8513', '潔登幼兒牙刷', '33.0', '35.0', 10, 2, ''),
('1600', '1000', '吉喜巧克力小包', '12.0', '13.0', 35, 5, ''),
('1610', '1132', 'M-M花生牛奶巧克力', '13.5', '15.0', 27, 5, ''),
('1620', '1131', 'M-M牛奶巧克力小包', '13.5', '15.0', 13, 1, ''),
('1630', '8209', '士力架花生巧克力', '13.5', '15.0', 3, 1, ''),
('1640', '1259', '金頂電池三號', '52.0', '56.0', 139, 5, ''),
('1650', '1259', '金頂四號電池', '52.0', '56.0', 178, 5, ''),
('1660', '2120', '池上良質米', '190.0', '198.0', 11, 2, ''),
('1670', '2120', '池上壽司米', '190.0', '198.0', 13, 2, ''),
('1680', '2120', '池上胚牙米', '130.0', '138.0', 12, 2, ''),
('1690', '2085', '池上白米', '180.0', '183.0', 10, 2, ''),
('1700', '2120', '池上月光米', '155.0', '163.0', 0, 2, ''),
('1710', '2045', '嬰兒美育嬰配方奶粉', '126.8', '50.0', 10, 5, ''),
('1720', '1809', '潔登洗髮乳', '90.0', '95.0', 4, 2, ''),
('1730', '0024', '柯達金軟片III 36', '56.0', '60.0', 66, 5, ''),
('1740', '2520', '富士軟片HGV 36', '56.0', '60.0', 56, 5, ''),
('1750', '0189', '黑嘉麗水果軟糖', '58.5', '60.0', 22, 2, ''),
('1760', '0498', '彩虹嘉麗水果軟糖', '76.1', '78.0', 10, 2, ''),
('1770', '1037', '麥斯威爾奶精', '65.3', '67.0', 10, 2, ''),
('1780', '8082', '福斯薄荷糖', '60.0', '68.0', 11, 2, ''),
('1790', '0498', '雀巢冰咖啡3合1', '122.0', '125.0', 16, 2, ''),
('1800', '0498', '雀巢嬰兒米粉', '89.0', '93.0', 17, 2, ''),
('1810', '0498', '雀巢咖啡3合1', '88.0', '90.0', 25, 2, ''),
('1820', '0498', '狀元咖啡低咖啡因', '127.0', '135.0', 9, 2, ''),
('1830', '0498', '狀元咖啡美式風味', '131.6', '135.0', 8, 2, ''),
('1840', '0498', '雀巢向陽麥子3合1 豆奶', '70.2', '72.0', 8, 2, ''),
('1850', '0498', '雀巢嬰兒麥粉  蘋果梨子', '86.0', '89.0', 22, 2, ''),
('1860', '0498', '雀巢檸檬紅茶', '80.9', '83.0', 6, 2, ''),
('1870', '0498', '美極酸辣濃湯', '152.1', '156.0', 4, 2, ''),
('1880', '0498', '美極翡翠白玉', '152.1', '156.0', 2, 2, ''),
('1890', '0498', '美極沙茶魷魚', '152.1', '156.0', 3, 2, ''),
('1900', '0498', '美極紫菜吻魚', '152.1', '156.0', 3, 2, ''),
('1910', '0498', '雀巢嬰兒麥粉 菠菜', '86.0', '89.0', 2, 2, ''),
('1920', '0498', '雀巢嬰兒麥粉 綜合穀類', '86.0', '89.0', 10, 2, ''),
('1930', '0498', '雀巢即溶奶粉 900G', '157.0', '161.0', 23, 2, ''),
('0010', '0000', '自由神果醬 草莓', '41.9', '43.0', 10, 3, ''),
('0020', '0056', '自由神果醬 鳳梨', '41.9', '43.0', 21, 5, ''),
('0030', '0010', '海中雞150G', '26.3', '27.0', 10, 6, ''),
('0040', '1258', '牛頭牌沙茶醬', '27.3', '28.0', 21, 6, ''),
('0050', '0057', '新東陽魚肉鬆', '65.3', '67.0', 21, 4, ''),
('0060', '0626', '愛之味菜心', '20.5', '21.0', 45, 3, ''),
('0070', '1271', '台鹽健康低鈉鹽', '44.9', '46.0', 15, 9, ''),
('0080', '0207', '華南香辣玉筍', '26.3', '27.0', 10, 2, ''),
('0090', '1271', '台鹽如意精鹽', '21.5', '22.0', 18, 6, ''),
('0100', '0063', '味全珍味花瓜', '23.4', '24.0', 10, 5, ''),
('0110', '0626', '愛之味脆瓜', '18.5', '19.0', 11, 4, ''),
('0120', '0207', '華南脆菜心', '11.7', '12.0', 69, 2, ''),
('0130', '0008', '味王調理食品咖哩豬肉', '19.0', '19.5', 20, 5, ''),
('0140', '0008', '味王調理食品素食快餐', '19.0', '19.5', 20, 5, ''),
('0150', '0057', '新東陽營養肉鬆', '85.8', '88.0', 31, 3, ''),
('0160', '0167', '青葉麵筋', '13.7', '14.0', 36, 10, ''),
('0170', '0008', '味王調理食品筍絲焢肉', '19.0', '19.5', 30, 5, ''),
('0180', '1037', '麥斯威爾精選顆粒咖啡', '164.8', '169.0', 19, 3, ''),
('0190', '8895', '李錦記桂林辣椒醬', '41.0', '42.0', 15, 2, ''),
('0200', '0057', '新東陽辣味肉醬', '28.3', '29.0', 20, 3, ''),
('0210', '1037', '麥斯威爾典藏咖啡', '224.3', '230.0', 11, 2, ''),
('0220', '0046', '工研烏醋', '17.6', '18.0', 20, 2, ''),
('0230', '8895', '李錦記蒜蓉辣椒醬', '41.0', '42.0', 20, 2, ''),
('0240', '0046', '工研糯米醋', '21.5', '22.0', 20, 2, ''),
('0250', '0311', '台糖大豆沙拉油', '82.9', '85.0', 11, 3, ''),
('0260', '0008', '金味王醬油', '41.0', '42.0', 20, 5, ''),
('0270', '0088', '統一ADE大豆沙拉油', '77.0', '79.0', 21, 5, ''),
('0280', '0199', '維力清香油', '169.6', '174.0', 17, 2, ''),
('0290', '0316', '滿點橄欖油', '157.1', '178.0', 11, 5, ''),
('0300', '7101', '台鳳蕃茄汁', '7.8', '8.0', 20, 15, ''),
('0310', '0085', '伯朗藍山調合式咖啡', '13.9', '15.0', 21, 5, ''),
('0320', '0085', '健酪含鈣飲料', '11.1', '12.0', 276, 12, ''),
('0330', '0085', '伯朗咖啡', '13.9', '15.0', 121, 3, ''),
('0340', '0105', '光泉勁運動飲料', '7.5', '10.0', 79, 12, ''),
('0350', '0105', '光泉葡萄汁', '7.3', '9.0', 3, 12, ''),
('0360', '0105', '光泉雪芝梅', '7.3', '9.0', 20, 12, ''),
('0370', '0105', '光泉果汁調味乳', '9.0', '10.0', 16, 12, ''),
('0380', '0105', '光泉全脂保久乳---AAAA', '9.0', '10.0', 62, 12, ''),
('0390', '0105', '光泉芭樂汁', '7.3', '10.0', 24, 12, ''),
('0400', '0105', '光泉桂花紅茶', '10.2', '12.0', 216, 12, ''),
('0410', '0105', '光泉楊桃汁', '10.2', '12.0', 23, 12, ''),
('0420', '0105', '光泉酸梅汁', '10.2', '12.0', 33, 12, ''),
('0430', '0105', '光泉茉莉蜜茶', '10.2', '12.0', 18, 12, '');

-- --------------------------------------------------------

--
-- 資料表結構 `suppl`
--

CREATE TABLE IF NOT EXISTS `suppl` (
  `suno` varchar(4) COLLATE utf8_unicode_ci DEFAULT NULL,
  `suname` varchar(36) COLLATE utf8_unicode_ci DEFAULT NULL,
  `phone` varchar(15) COLLATE utf8_unicode_ci DEFAULT NULL,
  `person` varchar(8) COLLATE utf8_unicode_ci DEFAULT NULL,
  `address` varchar(56) COLLATE utf8_unicode_ci DEFAULT NULL,
  `fax` varchar(15) COLLATE utf8_unicode_ci DEFAULT NULL,
  `zip` varchar(5) COLLATE utf8_unicode_ci DEFAULT NULL,
  `remark` varchar(60) COLLATE utf8_unicode_ci DEFAULT NULL
) ENGINE=InnoDB DEFAULT CHARSET=utf8 COLLATE=utf8_unicode_ci;

--
-- 資料表的匯出資料 `suppl`
--

INSERT INTO `suppl` (`suno`, `suname`, `phone`, `person`, `address`, `fax`, `zip`, `remark`) VALUES
('0967', '陽明工程公司', '02-6511587', '許華芬', '台北市松山區東榮里富錦街421號5之2', NULL, NULL, NULL),
('2000', '箭牌公司', '02-9775580', '賴守仁', '台北市大安區仁愛四段300巷11號5 之12', NULL, NULL, NULL),
('4000', '福樂公司', '02-9134928', '翁淑美', '台北縣新店市大豐路16巷3弄10號2f', NULL, NULL, NULL),
('1419', '冠寶公司', '02-3098693', '李台夏', '台北市永吉路184巷20號之3f', NULL, NULL, NULL),
('8895', '李錦記', '02-9238377', '林麗茹', '台北市文山區福興路78巷20弄26-5號2f', NULL, NULL, NULL),
('9782', '嘉頓公司', '02-9314910', '趙懷芳', '台北市敦煌路179號4f', NULL, NULL, NULL),
('1000', '吉喜公司', '9370043', '王俑堯', '台北市彰化市中山路二段644巷17弄15號', NULL, NULL, NULL),
('1131', '森永公司', '02-9469714', '何嵩明', '台北市和平東路二段75巷12號', NULL, NULL, NULL),
('8675', '三葉公司', '02-9499130', '歐陽蕙貞', '台北市永和市民樂街147巷7號2f', NULL, NULL, NULL),
('1011', '芝麻公司', '02-6403019', '李佩玲', '台北市南港聯成東新街13巷3號3f', NULL, NULL, NULL),
('7640', '國礦公司', '02-7011037', '鄭淳文', '台北市中山區興亞里新生北路一段25-5號2f', NULL, NULL, NULL),
('9932', '立可樂公司', '02-7902314', '周怡伶', '台北縣店市廿張路巷2弄8號5F', NULL, NULL, NULL),
('0008', '味王公司', '02-5817201', '陳存貴', '台北市中華路二段416巷80號2F', NULL, NULL, NULL),
('0010', '海中天公司', '02-9913512', '葛美華', '台北縣永和秀朗路一段135巷17號3F', NULL, NULL, NULL),
('0022', '可果公司', '02-9185159', '匡嘉珠', '台北市景興路4號4F', NULL, NULL, NULL),
('0046', '工研公司', '02-7677454', '林秀芬', '台北市文山區新光路一段34號2F', NULL, NULL, NULL),
('0047', '高明公司', '3046540', '陳百瑞', '台北縣永和市安 路100巷28號2F', NULL, NULL, NULL),
('0050', '乳王公司', '2475340', '楊鐘慶', '台北縣中和市安興南路二段34巷63號5F', NULL, NULL, NULL),
('0056', '自由神公司', '037-666445', '王淑清', '台北縣汐止鎮弘  街532巷9弄7號1F', NULL, NULL, NULL),
('0057', '新東陽公司', '7367124', '吳芸靜', '台北市大安區瑞安街256巷24號', NULL, NULL, NULL),
('0063', '味全公司', '7862475', '劉炳奎', '台北市內湖路二段179巷69弄8號', NULL, NULL, NULL),
('0084', '噴效公司', '9669193', '喬廣德', '台北市中山區永安里明水路539號6F', NULL, NULL, NULL),
('0085', '伯朗公司', '5070448', '陳穎慧', '台北縣新 市泰和街76號4F', NULL, NULL, NULL),
('0088', '統一公司', '4221767', '林俑銘', '台北縣新店市  元路二段30巷6號4fF', NULL, NULL, NULL),
('0094', '白蘭公司', '7857816', '金承龍', '台北市信義區虎林街56巷7號', NULL, NULL, NULL),
('0105', '光泉公司', '7656626', '徐進沛', '台北市萬大路67號3F', NULL, NULL, NULL),
('0114', '舒潔公司', '7863016', '李淑華', '台北縣中和市景平路447-4號5F', NULL, NULL, NULL),
('0162', '中立公司', '7468355', '陸泰安', '台北市吳興街170巷2弄4號', NULL, NULL, NULL),
('0167', '青葉公司', '9722911', '陳裕棟', '台北市基隆路四段41巷68弄10號8F', NULL, NULL, NULL),
('0168', '黑人公司', '7127171', '楊經源', '台北市南港區東新街168巷16號1F', NULL, NULL, NULL),
('0182', '蔬泳公司', '2391200', '孫宗源', '台北縣板橋市中正路216巷52號1F', NULL, NULL, NULL),
('0199', '維力公司', '7468355', '黃韻芳', '台北市伊通街19巷6-3號4F', NULL, NULL, NULL),
('0207', '華南公司', '7612935', '張紹文', '基隆市仁愛區南榮路191巷41號', NULL, NULL, NULL),
('0235', '愛笛公司', '9808936', '余堂盈', '台北市南港區昆陽街157巷7號2F', NULL, NULL, NULL),
('0311', '台糖公司', '06-7226560', '潘人豪', '台北市松山區饒河街61巷12弄21號5F', NULL, NULL, NULL),
('0363', '一匙靈公司', '035-784975', '王中祺', '台北市南港路三段67巷1弄10號3F', NULL, NULL, NULL),
('0397', '奶全公司', '769-6256', '洪建隆', '台北市松隆路18號1F', NULL, NULL, NULL),
('0498', '雀巢公司', '972-9316', '黃明宗', '台北縣三重市河邊北街128巷3號2F', NULL, NULL, NULL),
('0525', '冠昇公司', '911-6624', '朱林祥', '台北市敦化北路102號', NULL, NULL, NULL),
('0626', '愛之味公司', '701-4543', '徐瑞林', '台北市興隆路三294號', NULL, NULL, NULL),
('0628', '亞培公司', '762-4079', '許偉光', '台北市松隆路18號1F', NULL, NULL, NULL),
('0674', '羅莎公司', '503-8170', '呂伊弘', '台北市新東街3巷1-2號', NULL, NULL, NULL),
('0777', '白蘭氏公司', '8819780', '王濟群', '台北縣三重市後竹圍街277巷12號1F', NULL, NULL, NULL),
('1004', '巴斯克林公司', '9147595', '王樹源', '新竹市科學園區新安路5號5F-1', NULL, NULL, NULL),
('1113', '黑師傅公司', NULL, '曾國昇', '新竹市科學園區新安路5號5F-1', NULL, NULL, NULL),
('1258', '牛頭公司', '8920478', '陳聰仁', '台北市基隆路一段11巷10弄38號2F', NULL, NULL, NULL),
('1271', '台鹽公司', '543-1670', '許懷文', '台北縣三重市河邊北街240號', NULL, NULL, NULL),
('1520', '春日公司', '543-1670', '洪國展', '台北縣淡水鎮大勇街2-4號5F', NULL, NULL, NULL),
('2120', '池上公司', '968-6388', '林原田', '台北市敦化南路一段295巷38號1F', NULL, NULL, NULL),
('2355', '港蜜公司', '392-6853', '周佐德', '台北市忠孝東路五段703巷5號4F', NULL, NULL, NULL),
('7101', '台鳳公司', '931-5119', '趙錦中', '台北市合江街58巷22號-1', NULL, NULL, NULL),
('1021', '台花公司', '720-4976', '黃明忠', '台北市士林區福港街158-1號4F', NULL, NULL, NULL),
('1259', '金頂公司', '738-8997', '賴俊文', '台北縣新店市環河路19巷14號2F', NULL, NULL, NULL),
('1933', '綿棒公司', '741-6612', '郭二雄', '台北縣新店市寶宏路13巷11號1F', NULL, NULL, NULL),
('2430', '幫寶公司', '(03)3605196', '張開評', '台北市大業路516巷18號2F', NULL, NULL, NULL),
('2520', '富士公司', '726-8873', '蘇燕昭', '台北市錦州街28號-6', NULL, NULL, NULL),
('0189', '黑嘉麗公司', '037-541034', '黃有德', '台北市錦州街28號-6', NULL, NULL, NULL),
('2254', '運光公司', '02-9229861', '陳淑芳', '台北縣板橋市民權路202巷17弄56-2號3F', NULL, NULL, NULL),
('8733', '克寧公司', '02-7238877', '于美雯', '台北市中正區臨沂街  41-1號', NULL, NULL, NULL),
('8513', '潔登公司', '02-9404082', '朱光緯', '台北市文山區景後街  143巷10號', NULL, NULL, NULL),
('0316', '滿點公司', '02-7059158', '王淳弘', '台北市松仁路202巷2弄10號', NULL, NULL, NULL),
('2045', '嬰兒美公司', '02-9368868', '陳信元', '台北市通化街39巷50弄59號3F', NULL, NULL, NULL),
('2643', '金登公司', '05-2534747', '陳東元', '台北市忠孝東路四段  319號8F-2', NULL, NULL, NULL),
('1037', '麥斯威爾公司', '049-338832', '李獻生', '桃園縣蘆竹鄉新興村  5鄰40-10號', NULL, NULL, NULL),
('8008', '好立克公司', '02-8734018', '劉宗能', '台北市松山路541巷28號3F', NULL, NULL, NULL),
('8082', '福斯公司', '02-7218567', '黃建勛', '苗栗縣造橋鄉大龍村１鄰１４號 　      　', NULL, NULL, NULL),
('0024', '柯達公司', '02-7265746', '徐秀文', '台北縣中和市安平里９鄰宜路１６８巷１－１', NULL, NULL, NULL),
('0158', '洗髮露公司', '038-681238', '紀玉龍', '台北縣皮橋市深丘里長安街25巷17弄10號5樓', NULL, NULL, NULL),
('1809', '潔登公司', '02-9959494', '張麗芬', '台北縣中和市立人街６９巷３弄３－１號', NULL, NULL, NULL),
('4206', '潔麗公司', '037-330917', '陶麗娟', '台北市大安區四維路１６０巷１０號３樓', NULL, NULL, NULL),
('8209', '士力公司', '02-9623823', '部震宇', '台北市文山區萬有里三福街５９號２樓', NULL, NULL, NULL),
('5007', '安佳公司', '02-7868337', '陽正中', '嘉義縣中埔鄉石　村滕寮４１號', NULL, NULL, NULL);

-- --------------------------------------------------------

--
-- 資料表結構 `suppl_0610`
--

CREATE TABLE IF NOT EXISTS `suppl_0610` (
  `suno` varchar(4) COLLATE utf8_unicode_ci DEFAULT NULL,
  `suname` varchar(36) COLLATE utf8_unicode_ci DEFAULT NULL,
  `phone` varchar(15) COLLATE utf8_unicode_ci DEFAULT NULL,
  `person` varchar(8) COLLATE utf8_unicode_ci DEFAULT NULL,
  `address` varchar(56) COLLATE utf8_unicode_ci DEFAULT NULL,
  `fax` varchar(15) COLLATE utf8_unicode_ci DEFAULT NULL,
  `zip` varchar(5) COLLATE utf8_unicode_ci DEFAULT NULL,
  `remark` varchar(60) COLLATE utf8_unicode_ci DEFAULT NULL
) ENGINE=InnoDB DEFAULT CHARSET=utf8 COLLATE=utf8_unicode_ci;

--
-- 資料表的匯出資料 `suppl_0610`
--

INSERT INTO `suppl_0610` (`suno`, `suname`, `phone`, `person`, `address`, `fax`, `zip`, `remark`) VALUES
('0967', '陽明工程公司', '02-6511587', '許華芬', '台北市松山區東榮里富錦街421號5之2', NULL, NULL, NULL),
('2000', '箭牌公司', '02-9775580', '賴守仁', '台北市大安區仁愛四段300巷11號5 之12', NULL, NULL, NULL),
('4000', '福樂公司', '02-9134928', '翁淑美', '台北縣新店市大豐路16巷3弄10號2f', NULL, NULL, NULL),
('1419', '冠寶公司', '02-3098693', '李台夏', '台北市永吉路184巷20號之3f', NULL, NULL, NULL),
('8895', '李錦記', '02-9238377', '林麗茹', '台北市文山區福興路78巷20弄26-5號2f', NULL, NULL, NULL),
('9782', '嘉頓公司', '02-9314910', '趙懷芳', '台北市敦煌路179號4f', NULL, NULL, NULL),
('1000', '吉喜公司', '9370043', '王俑堯', '台北市彰化市中山路二段644巷17弄15號', NULL, NULL, NULL),
('1131', '森永公司', '02-9469714', '何嵩明', '台北市和平東路二段75巷12號', NULL, NULL, NULL),
('8675', '三葉公司', '02-9499130', '歐陽蕙貞', '台北市永和市民樂街147巷7號2f', NULL, NULL, NULL),
('1011', '芝麻公司', '02-6403019', '李佩玲', '台北市南港聯成東新街13巷3號3f', NULL, NULL, NULL),
('7640', '國礦公司', '02-7011037', '鄭淳文', '台北市中山區興亞里新生北路一段25-5號2f', NULL, NULL, NULL),
('9932', '立可樂公司', '02-7902314', '周怡伶', '台北縣店市廿張路巷2弄8號5F', NULL, NULL, NULL),
('0008', '味王公司', '02-5817201', '陳存貴', '台北市中華路二段416巷80號2F', NULL, NULL, NULL),
('0010', '海中天公司', '02-9913512', '葛美華', '台北縣永和秀朗路一段135巷17號3F', NULL, NULL, NULL),
('0022', '可果公司', '02-9185159', '匡嘉珠', '台北市景興路4號4F', NULL, NULL, NULL),
('0046', '工研公司', '02-7677454', '林秀芬', '台北市文山區新光路一段34號2F', NULL, NULL, NULL),
('0047', '高明公司', '3046540', '陳百瑞', '台北縣永和市安 路100巷28號2F', NULL, NULL, NULL),
('0050', '乳王公司', '2475340', '楊鐘慶', '台北縣中和市安興南路二段34巷63號5F', NULL, NULL, NULL),
('0056', '自由神公司', '037-666445', '王淑清', '台北縣汐止鎮弘  街532巷9弄7號1F', NULL, NULL, NULL),
('0057', '新東陽公司', '7367124', '吳芸靜', '台北市大安區瑞安街256巷24號', NULL, NULL, NULL),
('0063', '味全公司', '7862475', '劉炳奎', '台北市內湖路二段179巷69弄8號', NULL, NULL, NULL),
('0084', '噴效公司', '9669193', '喬廣德', '台北市中山區永安里明水路539號6F', NULL, NULL, NULL),
('0085', '伯朗公司', '5070448', '陳穎慧', '台北縣新 市泰和街76號4F', NULL, NULL, NULL),
('0088', '統一公司', '4221767', '林俑銘', '台北縣新店市  元路二段30巷6號4fF', NULL, NULL, NULL),
('0094', '白蘭公司', '7857816', '金承龍', '台北市信義區虎林街56巷7號', NULL, NULL, NULL),
('0105', '光泉公司', '7656626', '徐進沛', '台北市萬大路67號3F', NULL, NULL, NULL),
('0114', '舒潔公司', '7863016', '李淑華', '台北縣中和市景平路447-4號5F', NULL, NULL, NULL),
('0162', '中立公司', '7468355', '陸泰安', '台北市吳興街170巷2弄4號', NULL, NULL, NULL),
('0167', '青葉公司', '9722911', '陳裕棟', '台北市基隆路四段41巷68弄10號8F', NULL, NULL, NULL),
('0168', '黑人公司', '7127171', '楊經源', '台北市南港區東新街168巷16號1F', NULL, NULL, NULL),
('0182', '蔬泳公司', '2391200', '孫宗源', '台北縣板橋市中正路216巷52號1F', NULL, NULL, NULL),
('0199', '維力公司', '7468355', '黃韻芳', '台北市伊通街19巷6-3號4F', NULL, NULL, NULL),
('0207', '華南公司', '7612935', '張紹文', '基隆市仁愛區南榮路191巷41號', NULL, NULL, NULL),
('0235', '愛笛公司', '9808936', '余堂盈', '台北市南港區昆陽街157巷7號2F', NULL, NULL, NULL),
('0311', '台糖公司', '06-7226560', '潘人豪', '台北市松山區饒河街61巷12弄21號5F', NULL, NULL, NULL),
('0363', '一匙靈公司', '035-784975', '王中祺', '台北市南港路三段67巷1弄10號3F', NULL, NULL, NULL),
('0397', '奶全公司', '769-6256', '洪建隆', '台北市松隆路18號1F', NULL, NULL, NULL),
('0498', '雀巢公司', '972-9316', '黃明宗', '台北縣三重市河邊北街128巷3號2F', NULL, NULL, NULL),
('0525', '冠昇公司', '911-6624', '朱林祥', '台北市敦化北路102號', NULL, NULL, NULL),
('0626', '愛之味公司', '701-4543', '徐瑞林', '台北市興隆路三294號', NULL, NULL, NULL),
('0628', '亞培公司', '762-4079', '許偉光', '台北市松隆路18號1F', NULL, NULL, NULL),
('0674', '羅莎公司', '503-8170', '呂伊弘', '台北市新東街3巷1-2號', NULL, NULL, NULL),
('0777', '白蘭氏公司', '8819780', '王濟群', '台北縣三重市後竹圍街277巷12號1F', NULL, NULL, NULL),
('1004', '巴斯克林公司', '9147595', '王樹源', '新竹市科學園區新安路5號5F-1', NULL, NULL, NULL),
('1113', '黑師傅公司', NULL, '曾國昇', '新竹市科學園區新安路5號5F-1', NULL, NULL, NULL),
('1258', '牛頭公司', '8920478', '陳聰仁', '台北市基隆路一段11巷10弄38號2F', NULL, NULL, NULL),
('1271', '台鹽公司', '543-1670', '許懷文', '台北縣三重市河邊北街240號', NULL, NULL, NULL),
('1520', '春日公司', '543-1670', '洪國展', '台北縣淡水鎮大勇街2-4號5F', NULL, NULL, NULL),
('2120', '池上公司', '968-6388', '林原田', '台北市敦化南路一段295巷38號1F', NULL, NULL, NULL),
('2355', '港蜜公司', '392-6853', '周佐德', '台北市忠孝東路五段703巷5號4F', NULL, NULL, NULL),
('7101', '台鳳公司', '931-5119', '趙錦中', '台北市合江街58巷22號-1', NULL, NULL, NULL),
('1021', '台花公司', '720-4976', '黃明忠', '台北市士林區福港街158-1號4F', NULL, NULL, NULL),
('1259', '金頂公司', '738-8997', '賴俊文', '台北縣新店市環河路19巷14號2F', NULL, NULL, NULL),
('1933', '綿棒公司', '741-6612', '郭二雄', '台北縣新店市寶宏路13巷11號1F', NULL, NULL, NULL),
('2430', '幫寶公司', '(03)3605196', '張開評', '台北市大業路516巷18號2F', NULL, NULL, NULL),
('2520', '富士公司', '726-8873', '蘇燕昭', '台北市錦州街28號-6', NULL, NULL, NULL),
('0189', '黑嘉麗公司', '037-541034', '黃有德', '台北市錦州街28號-6', NULL, NULL, NULL),
('2254', '運光公司', '02-9229861', '陳淑芳', '台北縣板橋市民權路202巷17弄56-2號3F', NULL, NULL, NULL),
('8733', '克寧公司', '02-7238877', '于美雯', '台北市中正區臨沂街  41-1號', NULL, NULL, NULL),
('8513', '潔登公司', '02-9404082', '朱光緯', '台北市文山區景後街  143巷10號', NULL, NULL, NULL),
('0316', '滿點公司', '02-7059158', '王淳弘', '台北市松仁路202巷2弄10號', NULL, NULL, NULL),
('2045', '嬰兒美公司', '02-9368868', '陳信元', '台北市通化街39巷50弄59號3F', NULL, NULL, NULL),
('2643', '金登公司', '05-2534747', '陳東元', '台北市忠孝東路四段  319號8F-2', NULL, NULL, NULL),
('1037', '麥斯威爾公司', '049-338832', '李獻生', '桃園縣蘆竹鄉新興村  5鄰40-10號', NULL, NULL, NULL),
('8008', '好立克公司', '02-8734018', '劉宗能', '台北市松山路541巷28號3F', NULL, NULL, NULL),
('8082', '福斯公司', '02-7218567', '黃建勛', '苗栗縣造橋鄉大龍村１鄰１４號 　      　', NULL, NULL, NULL),
('0024', '柯達公司', '02-7265746', '徐秀文', '台北縣中和市安平里９鄰宜路１６８巷１－１', NULL, NULL, NULL),
('0158', '洗髮露公司', '038-681238', '紀玉龍', '台北縣皮橋市深丘里長安街25巷17弄10號5樓', NULL, NULL, NULL),
('1809', '潔登公司', '02-9959494', '張麗芬', '台北縣中和市立人街６９巷３弄３－１號', NULL, NULL, NULL),
('4206', '潔麗公司', '037-330917', '陶麗娟', '台北市大安區四維路１６０巷１０號３樓', NULL, NULL, NULL),
('8209', '士力公司', '02-9623823', '部震宇', '台北市文山區萬有里三福街５９號２樓', NULL, NULL, NULL),
('5007', '安佳公司', '02-7868337', '陽正中', '嘉義縣中埔鄉石　村滕寮４１號', NULL, NULL, NULL);

/*!40101 SET CHARACTER_SET_CLIENT=@OLD_CHARACTER_SET_CLIENT */;
/*!40101 SET CHARACTER_SET_RESULTS=@OLD_CHARACTER_SET_RESULTS */;
/*!40101 SET COLLATION_CONNECTION=@OLD_COLLATION_CONNECTION */;
